content_id,release_date
9hn9kx,2024-01-27 03:50:25
oqdtru,2024-08-29 04:33:27
2p8mib,2024-06-01 03:13:57
rd45qe,2023-12-17 19:59:18
ffzo1t,2023-10-09 12:39:10
zht0p2,2024-07-23 22:10:49
h3mnfd,2024-01-13 13:30:00
hmys52,2023-10-02 08:32:08
qf2f72,2024-01-09 22:22:53
tfsbrb,2023-11-05 04:51:16
0qqjvj,2024-05-08 06:32:18
yr6q4d,2024-05-17 20:40:12
7m5oni,2023-12-06 16:53:46
l1xcab,2024-05-26 05:18:57
moha7e,2024-03-25 10:45:15
btaub0,2024-04-28 03:58:42
5jqgi0,2024-03-02 17:09:21
4sdutm,2023-11-01 03:22:28
zi3w48,2024-07-28 04:25:58
vve5u0,2023-10-19 14:38:35
evn8zz,2024-05-11 03:48:16
ay9tqs,2023-11-30 18:28:15
docujd,2023-12-06 07:08:28
cowtad,2023-10-22 12:19:36
l17wsg,2023-10-17 05:01:54
dhktwc,2024-05-11 17:17:16
r6icl0,2023-10-17 15:03:59
0jlq8i,2024-02-18 05:26:33
sahi2b,2024-07-22 10:53:56
577l6q,2024-07-15 09:06:21
afzq0b,2024-01-12 01:48:59
pwh1j7,2024-02-29 01:43:51
zf5hy9,2024-07-23 13:38:33
nx6t1c,2024-02-01 02:05:58
qmmscy,2024-10-04 03:21:10
r758ld,2024-03-24 15:29:12
1ws9h2,2023-12-25 02:58:45
72led4,2023-10-25 20:56:16
loel0n,2024-06-13 20:02:25
xzj27g,2024-05-01 03:45:22
puaoiv,2024-03-25 15:29:22
kfee77,2023-12-15 15:59:29
u0rujb,2023-12-09 18:09:07
ile670,2024-01-04 20:19:44
2ofekn,2024-09-09 07:30:53
p8oj16,2024-04-12 21:41:14
ah68yw,2023-12-21 04:49:24
n1s0d0,2023-11-08 18:42:00
xaf0dz,2024-03-25 13:25:19
xuqwlc,2024-08-18 01:22:13
jhsc4s,2024-05-13 02:40:14
tw35zi,2023-10-16 19:08:38
z6z6u6,2024-03-28 10:31:29
17npdh,2023-12-06 16:25:16
bb203k,2023-10-30 16:01:52
22h870,2024-02-14 18:42:34
d5su4x,2024-04-16 22:53:02
e7keyy,2023-12-24 20:21:13
xg3fj7,2024-05-08 06:23:12
3pjjp9,2023-12-30 19:05:15
ctci45,2024-04-09 17:30:33
o2h8g4,2023-12-05 09:41:22
89f5do,2024-02-18 14:46:36
lpyq3f,2024-05-03 12:37:40
otyon2,2023-11-11 09:03:05
jf1ajd,2024-04-01 15:04:12
va94fl,2024-04-17 08:58:14
zixhev,2024-09-22 15:45:22
ge6y06,2024-01-23 20:21:15
h2m1mc,2024-05-18 23:42:47
oi1ryy,2023-10-20 08:48:09
qabs46,2024-05-04 19:09:26
8qpgwa,2024-05-01 02:51:36
rcxk6k,2024-04-24 16:43:06
xkuty1,2024-04-27 06:45:28
s5roet,2024-02-15 10:46:41
bwxy9r,2024-05-21 23:19:54
7c4s17,2024-04-15 06:31:39
gleu3z,2024-08-21 00:06:09
5uka7k,2024-09-18 06:28:25
e9rb09,2024-08-20 04:14:07
9fx4m3,2024-04-29 13:44:46
pbdt0u,2024-04-10 11:03:28
595xiw,2023-12-29 22:52:47
f8kqar,2024-03-31 22:18:17
wuq7h5,2023-10-18 08:20:28
29meno,2024-07-17 15:25:59
3055ok,2024-03-05 16:57:27
uboost,2024-06-29 11:16:46
51we0x,2024-09-24 00:38:23
2hsoyb,2024-04-05 13:41:52
8tsoa5,2023-10-24 14:06:48
bd9kz7,2024-07-01 11:58:59
ixr1bz,2024-08-29 03:58:05
56xxgz,2024-01-12 20:18:33
zaqd3t,2024-07-10 09:45:55
xosg60,2024-01-11 20:11:45
c6p85z,2024-08-19 00:31:48
gma2ak,2024-02-24 00:00:35
hlnxen,2024-04-22 15:01:50
8k89ja,2024-09-26 06:27:28
x3x4c5,2024-03-19 11:12:04
emjaim,2024-05-21 14:33:05
5qspws,2024-10-03 05:01:16
8ux5n8,2024-07-15 01:07:20
d6dedb,2023-10-12 23:20:45
ln2xjs,2023-10-20 06:49:17
a98gfm,2024-05-05 02:08:02
a2qnal,2024-02-22 20:40:29
7vf2x2,2024-07-21 14:52:57
mfo7xe,2023-10-26 09:29:39
s8ldbd,2024-05-15 23:36:40
3bv12g,2023-11-15 11:44:57
3em1xj,2024-08-26 12:56:21
r2r0eu,2024-07-10 17:17:55
l0b0xi,2024-05-19 23:02:05
zyen6n,2023-10-03 16:09:32
dyendy,2024-08-09 12:05:38
meyve6,2024-01-29 15:47:34
f0r0q5,2024-05-30 01:12:28
hlics3,2024-07-31 12:50:47
lpa55l,2024-09-18 22:46:50
5a7r9f,2024-04-09 21:59:37
2prq40,2023-11-22 21:52:34
apox6t,2023-11-20 00:31:27
yrr6mv,2024-05-05 00:16:04
tndiyz,2024-07-13 18:06:41
bwbib1,2023-12-05 15:56:46
hyvmes,2024-01-26 11:00:24
vatr8u,2024-02-02 05:08:07
p5vn4f,2023-10-28 14:57:15
pezab1,2024-07-30 13:15:01
ttpvba,2024-08-13 17:11:58
khwgk2,2024-09-27 19:23:11
uodqr7,2024-08-20 21:53:08
iwgy29,2024-08-28 20:20:16
j90x0f,2024-09-01 05:57:54
pjvtzs,2024-08-01 12:24:02
wpi5kr,2023-11-25 02:36:21
3oh06x,2024-02-23 14:05:41
n8ukdz,2023-12-25 02:17:48
s3ubn1,2024-05-02 11:29:33
ib4fgj,2023-10-09 07:11:58
0ne779,2024-09-04 16:50:34
zrcsz1,2024-08-06 04:20:24
9iqjzx,2024-02-01 15:46:47
5gn80s,2024-04-06 01:03:07
d6z030,2024-09-30 16:03:44
9f6mob,2024-06-23 08:20:32
nrw98x,2024-02-27 18:58:07
axn2zv,2024-04-23 16:42:50
b63c9q,2023-12-26 11:23:05
3xnxcd,2024-03-30 03:38:38
s5aslq,2024-06-25 16:24:22
koq525,2024-04-01 12:51:15
1h4bue,2024-02-23 05:41:41
9gbgrq,2024-05-08 18:43:32
r4lxsv,2024-06-28 09:32:35
mkexk1,2024-09-04 18:55:14
9dshpl,2024-06-12 16:08:02
86hzrs,2024-07-08 21:41:12
pkt23w,2023-12-26 17:53:57
n19a89,2024-04-20 19:29:42
kticrd,2024-06-07 00:18:29
30tymp,2024-03-16 09:15:14
0tvg2k,2023-12-17 09:57:00
oab5lt,2023-10-24 12:31:24
i42qlp,2024-04-02 13:19:08
u08rbw,2024-02-12 07:23:42
rjpsvd,2024-05-08 10:48:02
0dg55t,2023-10-06 04:31:50
8a4tgx,2024-06-28 01:36:15
7qsw7l,2024-03-24 14:18:18
ny0hw7,2024-05-03 23:35:43
5xggfb,2023-10-24 18:40:49
k2w1d3,2023-10-11 21:04:48
uipv8h,2023-12-25 05:39:22
pg01dy,2024-03-21 04:11:40
abdahg,2024-05-03 04:48:22
4w4fjy,2024-09-11 01:46:44
vya5kq,2024-03-27 02:17:25
5iqrau,2024-02-16 03:10:04
dyxdoi,2024-07-09 23:18:06
r9afvv,2023-12-21 00:50:21
rjmeni,2024-08-30 12:18:58
qkiuzz,2023-10-27 19:07:24
afxkbu,2023-12-13 21:05:42
h213ys,2024-08-09 01:52:01
jp6qsl,2024-01-29 01:54:42
0wlzwn,2024-05-25 04:54:50
urh6vu,2024-05-06 22:37:20
y2nup7,2023-11-17 18:29:06
rl1or2,2023-11-29 19:43:56
06qkbo,2023-11-03 20:19:27
u27g6y,2024-09-10 23:50:26
br0hni,2024-05-24 16:58:09
7pjbhv,2024-06-15 04:35:42
rlnvk5,2024-08-27 11:52:54
690zgo,2024-05-26 18:15:36
zp0x81,2024-05-12 14:03:34
4xawzi,2024-08-21 20:16:11
rlnm9s,2024-07-13 17:35:40
m75ksy,2024-07-31 21:23:39
3x5049,2023-12-25 06:12:33
mqur1i,2024-01-13 18:54:28
zj4y0p,2024-02-23 16:20:12
910bq2,2023-10-08 13:54:11
r7oed8,2024-01-03 14:39:31
npe8sl,2024-05-26 08:43:32
ykyou7,2024-09-22 00:31:14
q2extp,2024-05-22 15:41:52
nj17xa,2024-01-22 02:42:55
r974wk,2024-06-05 19:19:52
9kvagr,2024-01-17 17:08:10
jemdsg,2024-02-19 13:12:30
pzopnr,2023-10-04 01:10:15
cnaw2n,2024-01-05 08:38:42
h2u7uv,2024-01-02 21:15:46
6lote1,2024-02-13 04:25:23
0xa1xh,2024-03-24 22:18:13
pks8a6,2024-04-24 10:17:39
hpg0jx,2024-06-07 05:37:20
87ulr2,2024-01-19 19:37:36
uigpiq,2023-10-14 05:58:06
f2twuu,2023-12-30 09:03:31
grmkjk,2024-07-25 21:57:13
upiytp,2024-05-03 21:58:43
w8k6k8,2024-07-07 00:49:48
aaxjkx,2024-04-17 21:11:00
ken20v,2024-06-24 12:59:41
llxmvx,2024-04-17 15:10:30
g81cgr,2023-11-21 14:42:52
btonbz,2024-09-20 11:21:26
huyvxj,2024-06-26 00:13:53
iul3y3,2024-02-20 13:27:32
mxdxl4,2024-03-18 06:03:13
09r3n8,2024-07-01 14:37:27
ng6kpg,2023-12-31 18:05:12
ty83do,2024-05-06 07:31:48
bf9k7r,2024-08-24 00:27:09
vriq94,2024-09-04 05:53:37
w6n3y3,2023-11-14 11:40:33
9j24l5,2024-08-04 02:37:38
2y3y0s,2024-08-19 19:17:51
lrh7vc,2024-10-01 21:54:13
ktsbzq,2024-03-10 08:57:45
7atsj2,2024-08-28 16:22:48
v20fit,2024-06-27 11:04:26
zey9bc,2023-12-29 11:29:37
9da3qc,2023-11-07 06:42:35
y8hw0q,2024-01-30 02:20:51
o9ob4w,2023-12-05 07:57:05
r33hh3,2023-11-03 18:02:28
9v0os3,2024-04-26 16:56:33
7dn2qs,2024-03-23 02:19:42
m9j0or,2024-01-24 02:02:49
7tpuyw,2024-09-10 02:07:39
d1whs1,2024-10-02 02:01:40
m8rvjs,2024-09-22 01:53:35
668aln,2024-09-06 14:50:45
x9snkd,2023-10-29 20:22:13
6wjex7,2024-05-25 08:26:40
c8ge17,2024-06-06 13:49:32
pxc30w,2024-04-17 11:40:03
fwmo4e,2024-08-23 16:45:19
3w43lw,2024-09-12 15:47:12
8hmky6,2024-06-15 23:55:39
g49pcg,2024-09-18 17:01:47
utchpi,2024-06-09 23:15:43
3ohcbx,2024-09-25 22:32:44
o83by6,2024-08-02 23:53:23
mkyts1,2024-02-26 14:35:26
x0r0bi,2024-04-24 10:10:00
u2qc23,2024-02-04 17:57:52
c1zsru,2023-12-07 12:38:49
7tz2jg,2024-01-18 06:01:05
o3jiyq,2024-05-21 23:08:57
ma8esx,2024-02-19 14:39:19
hguucb,2024-09-01 13:15:05
32i5td,2024-04-16 23:25:15
s67pyt,2023-11-10 22:34:23
5h6x54,2024-02-12 16:20:13
xejzy1,2024-07-28 09:55:55
cjfwf1,2024-02-20 07:43:00
2x7p10,2024-07-24 10:02:00
8c39pu,2024-06-02 10:46:01
vxjzhp,2024-04-09 09:27:51
ekzgg0,2024-03-03 02:37:23
v2lmtl,2023-10-26 21:06:53
axllte,2024-04-23 02:56:16
xin6bj,2024-09-15 11:12:37
wkr8m2,2024-10-04 05:14:58
axihxh,2024-08-29 13:53:30
sdv761,2024-03-05 15:39:49
beb8lf,2023-12-09 22:45:47
3galji,2024-09-29 07:23:05
rynhc7,2024-08-28 03:12:03
vy888a,2024-05-09 02:15:31
0r0c69,2023-11-12 04:21:04
6i4mtx,2024-03-26 11:15:26
fpbvgy,2023-10-25 22:50:21
9fbnqk,2024-09-20 16:50:39
kliluw,2023-10-17 12:49:10
zd7s2i,2024-04-06 01:04:27
a5ng5s,2024-08-22 18:19:07
8ngj68,2024-08-06 04:41:16
nsvndp,2024-06-17 23:50:55
pq96gt,2024-09-28 11:54:11
dhdurh,2024-06-16 01:18:25
nvcq6k,2023-10-06 14:59:04
4yfp0t,2024-03-22 10:29:36
1pckqe,2024-03-10 04:11:01
xr05qn,2023-10-26 06:37:42
epyc93,2024-08-18 16:43:08
3k1zua,2023-10-21 04:38:55
kqqpkn,2024-05-04 23:35:01
0hydvm,2024-04-28 11:23:16
wl61a2,2024-05-20 09:47:39
d4ycw8,2024-07-05 14:22:47
a9kbkf,2023-11-06 17:53:54
qoyxg0,2023-12-28 04:10:20
voun0o,2024-03-06 02:53:32
uc2tu8,2024-01-24 18:56:13
t3fo0a,2024-06-09 13:12:46
k9bncn,2024-07-18 09:30:36
y2ysvx,2023-12-29 06:13:52
0p8xp5,2024-02-18 22:51:35
vaitg0,2023-12-17 06:19:04
veyva4,2024-06-24 10:03:32
jvyhwc,2023-11-16 02:58:14
i5ocbz,2024-01-11 12:52:51
8q3gd0,2024-06-01 09:48:07
8fergk,2023-12-23 23:26:32
bqkneu,2024-01-19 19:30:48
df40pf,2023-12-07 05:42:19
i8xe7n,2023-10-20 04:54:18
7x23qt,2024-02-13 00:04:14
bz1zwf,2024-02-09 01:12:10
0tgv7b,2024-01-24 09:11:51
azja8c,2024-03-27 18:20:00
rj9771,2024-01-11 01:27:15
ts0ozs,2024-02-12 23:25:04
mk2xbs,2024-05-28 23:44:07
va4bq6,2024-03-24 23:32:00
qrhq1h,2023-11-28 02:37:08
ccktfy,2023-11-27 06:47:47
rw2vpd,2024-07-31 17:02:43
w9y6we,2024-07-24 03:51:41
00d6rs,2023-10-12 01:44:15
80p3zt,2023-12-07 17:10:49
eobp69,2024-05-04 11:13:01
ljtnct,2024-02-11 05:07:36
5bjfaw,2024-07-25 18:45:20
z8i09u,2024-09-29 22:38:31
35ud9b,2023-11-16 13:13:53
xl94cg,2024-04-09 03:15:03
6ngeem,2024-04-18 16:47:51
8r109f,2023-12-20 10:58:20
lm0iyr,2023-12-11 14:18:47
66cifh,2023-12-03 14:18:34
v33yn4,2024-03-16 12:41:53
jgacwe,2024-04-17 15:54:43
u3mucd,2024-04-01 06:53:38
mtjjnw,2024-02-19 02:18:04
jzgm4u,2024-05-12 04:14:17
iuplbn,2023-12-21 00:54:59
yq677e,2024-09-02 21:23:31
zjc5rk,2024-03-03 16:24:21
3gxazd,2024-04-14 16:13:26
yjtta2,2024-10-03 21:55:14
13i507,2023-11-16 19:26:38
13i8zw,2024-05-13 22:25:16
jnbas1,2024-04-15 16:40:20
zbat0x,2024-03-14 14:33:32
m4z6uw,2024-05-03 11:42:05
ugilyp,2024-02-13 14:48:10
ipm0r0,2024-09-16 10:17:41
ydwts8,2024-09-07 10:58:58
skwho2,2024-01-07 05:42:27
ms95x3,2024-05-03 09:42:39
itqib2,2024-08-03 10:12:44
jddxll,2024-05-06 11:26:19
zmgcmg,2023-10-15 02:45:31
nk28kf,2024-08-25 15:00:06
ww2vhd,2024-08-10 13:19:36
be9pwh,2024-04-17 23:00:15
554644,2024-09-23 10:43:00
4p9u9p,2023-11-11 00:17:40
0em8sx,2024-08-09 04:55:20
jctlr3,2024-08-26 22:45:31
yf22p0,2024-05-20 00:03:47
3cyztu,2024-10-04 22:20:17
ngjp95,2024-08-26 17:17:44
6xqfpz,2024-04-01 08:39:22
rakck8,2024-09-10 02:57:12
q34m7i,2024-02-28 07:38:28
4m9nok,2024-06-16 17:47:43
74hgzf,2024-09-26 02:42:06
9n5zee,2024-08-21 00:30:40
9o9r5e,2024-09-05 23:45:31
i85kqj,2024-02-09 06:06:44
7yj5h2,2024-06-23 11:10:51
3pd40m,2024-02-01 05:50:02
zu83g3,2024-01-12 22:42:07
1aulqg,2024-01-17 04:41:23
24l3jp,2024-02-05 13:27:12
uea7kv,2023-12-23 06:57:14
juq258,2024-09-08 08:51:19
5z4xd3,2023-11-18 10:11:10
vkyp1v,2024-09-29 17:23:19
y1trgj,2023-10-04 13:35:04
0apoux,2024-04-11 14:59:16
8cc7rw,2024-01-17 21:26:28
i2sspw,2024-08-22 15:34:14
1q77nx,2024-03-11 09:34:46
q28z6f,2024-01-16 21:57:10
kru382,2024-09-17 10:42:56
cb4krd,2024-04-27 20:59:21
6y5y9y,2024-09-30 10:45:16
2cdnmp,2024-01-21 03:06:19
eerkv8,2024-04-10 06:23:14
qo9mw5,2024-01-24 08:46:10
b88eoi,2023-12-06 15:09:25
xyibi0,2024-07-20 12:58:54
v2kvhc,2024-05-09 13:21:44
lpxgud,2024-05-25 14:27:30
5do3qi,2023-11-20 10:04:15
walc5l,2024-04-16 03:15:55
topdk5,2023-10-28 20:05:32
o9a70n,2024-07-09 14:37:20
a1lh86,2024-05-22 21:52:51
yfn2gh,2024-08-12 00:20:04
80tsnd,2024-08-19 09:44:46
n1xvar,2024-02-12 01:11:11
d6nygc,2024-02-06 07:40:04
hklpts,2024-04-11 16:21:51
594n8i,2024-09-12 04:24:53
za5vni,2024-07-03 09:35:53
wvupv9,2023-12-04 00:32:17
xl18b3,2024-06-07 17:57:38
rbzdez,2024-04-16 06:17:17
kkr7s2,2024-02-22 09:02:25
x5qy3t,2024-03-23 06:07:20
9yyfro,2023-12-16 21:52:53
qnqo7c,2023-12-07 21:53:55
vi7w1o,2024-05-05 09:19:28
ll0ine,2023-11-13 14:04:40
ktj3eq,2023-11-14 08:00:31
ovhk6p,2024-09-18 13:24:51
n84xm0,2024-07-03 04:58:11
odf4wu,2024-04-21 20:45:12
y24ste,2024-07-23 00:00:31
zu508w,2024-01-10 19:27:02
1o368e,2024-09-08 22:19:21
k9ovkt,2024-08-06 15:16:26
jqfqln,2024-08-23 18:53:11
7p8wzl,2024-07-15 15:29:01
uq7nub,2024-06-29 07:29:43
4gsblg,2023-10-05 14:31:43
5hxe6r,2024-04-24 20:34:23
oaez7t,2024-02-14 19:15:02
qwqrhk,2023-12-24 12:32:17
g20yhm,2023-12-07 00:25:27
lehdms,2024-01-28 17:56:22
87bedv,2023-12-30 23:10:45
w6gvga,2024-03-13 09:36:59
gvtr8c,2023-11-26 20:39:14
7bopfc,2024-04-04 05:41:17
pb1l1m,2024-04-17 13:03:38
p0mskm,2024-07-19 22:29:28
sg4vxt,2023-12-04 02:17:28
2nnt18,2024-06-26 17:39:44
ls78fx,2024-09-23 12:02:29
y8i329,2024-08-04 12:52:41
tjv2h6,2023-10-26 19:21:07
tl63t2,2024-03-13 03:29:51
grvljv,2024-10-01 03:05:43
9t03tl,2024-03-05 17:50:19
lrv6js,2024-10-02 09:48:57
5g9jy6,2024-01-28 00:08:19
wkvs3r,2024-07-29 02:12:18
i6n74k,2024-07-23 17:41:32
a6fnrp,2023-10-13 22:38:58
htzpho,2024-05-21 02:37:47
e48ap4,2024-05-21 11:29:00
s70i3e,2024-06-02 07:59:34
bvu7g1,2024-08-29 06:37:56
pebjqz,2024-04-02 21:07:01
lvtprr,2024-06-03 16:39:16
xmmnie,2024-07-14 05:40:00
hov5rm,2024-03-23 22:48:18
v3i1bd,2024-07-04 02:40:45
h32893,2023-10-31 01:58:46
slaguf,2024-08-17 12:10:40
n64otx,2024-04-11 14:25:56
lrpkpp,2024-06-19 11:15:44
ue02wn,2024-09-23 16:22:14
4xcsla,2023-12-25 04:48:48
jo8y50,2024-06-20 00:40:06
v67ahn,2024-06-11 03:47:31
zv4qe4,2024-03-21 02:29:53
1840x0,2024-09-16 09:45:10
83aetj,2024-04-14 10:27:45
y5kzpy,2024-09-03 14:10:07
w1f6a5,2024-05-30 00:29:16
auu1rk,2023-12-02 20:04:06
kcxjv2,2024-07-15 18:47:11
9k7bwj,2024-04-30 20:52:10
prplx6,2023-11-17 16:21:31
0uoqiu,2024-09-04 23:52:59
t6jd0v,2024-06-01 12:40:50
148eg9,2024-08-25 11:13:50
okhfne,2024-05-06 04:37:08
6ahqe3,2023-12-26 23:46:21
bwzp5o,2024-07-06 19:39:04
7lwm2q,2024-09-13 02:31:14
a9st0e,2023-12-24 10:07:51
osvodf,2023-11-08 09:05:37
o8x9o4,2024-01-03 07:11:57
qonv5c,2024-01-24 18:49:12
kz8v83,2023-11-10 22:31:22
scdjpz,2024-05-27 22:31:08
auj7l7,2023-11-02 01:24:21
4euhlc,2024-01-05 16:28:12
c7db3f,2023-11-06 09:11:35
sbx19r,2024-05-03 16:30:52
d3r8fc,2023-11-29 20:02:08
gevvak,2023-10-10 00:51:19
njq8q5,2023-11-20 21:55:43
eialoo,2023-12-16 17:48:54
6o8bqs,2024-06-25 17:07:24
zj0m8z,2024-09-09 00:49:17
z6nr15,2024-04-24 17:14:51
15oyvm,2024-02-27 15:11:24
ft455f,2023-12-09 04:44:47
jpqy3w,2024-03-29 07:49:34
w8emoe,2023-10-01 11:32:03
eddakd,2023-11-23 13:05:50
9pkgfz,2024-03-27 16:33:41
ofc3mt,2024-01-30 10:44:47
ov6vsh,2024-03-05 07:07:33
uk2zbi,2024-02-25 12:34:43
5k45ll,2024-09-06 00:08:13
l9v9jd,2024-07-04 10:51:56
o70dw3,2023-11-11 07:08:23
br6wgr,2024-04-10 21:23:41
znb6yh,2024-02-05 10:49:44
hnxdrh,2024-06-20 07:57:41
489scm,2024-08-21 13:38:21
aqadcg,2024-06-04 19:46:25
b5gdgc,2024-04-18 08:58:42
o7xk0b,2024-04-30 14:18:53
n9vyzv,2024-02-17 10:18:16
po4wbq,2023-11-07 10:40:13
i10oln,2024-05-01 01:13:59
5b5akc,2024-09-04 05:05:56
plylwg,2023-11-17 07:18:05
aoi2fg,2023-11-28 16:32:29
12qa9r,2024-08-21 10:24:54
yw4b6d,2024-03-20 13:43:07
7g6yqf,2024-03-13 03:58:56
3gzisy,2024-04-22 07:34:50
p988uw,2023-10-23 21:15:22
4c88oi,2023-10-24 03:24:08
iig8qh,2023-10-29 22:53:04
s72ulg,2023-11-27 10:05:37
fy90ha,2024-07-27 11:36:12
vjs0n4,2024-08-22 08:51:20
mrupdn,2023-10-11 00:23:08
rd4d79,2024-06-21 05:15:10
wabohe,2023-12-28 16:29:38
1d00sz,2024-03-28 04:22:52
u4no24,2024-09-25 21:42:52
u6nvl6,2023-11-23 21:01:43
1ebbla,2024-05-15 15:20:12
2jr7zg,2023-12-08 10:48:24
wkdioj,2024-08-24 23:24:56
s8akzg,2024-04-26 05:04:29
tg11za,2024-03-09 07:26:19
0xrv8n,2024-09-15 22:41:08
uf0n5f,2023-10-09 18:15:10
593dtv,2023-10-03 01:17:37
rv7tr5,2023-12-20 09:04:33
24uo5c,2024-05-10 21:26:35
89xxe9,2024-05-20 03:24:19
6zeey1,2023-12-05 16:55:50
y5hzla,2023-10-17 11:51:37
43iyug,2024-06-05 17:18:15
50huyi,2023-12-20 16:59:59
xo4dcp,2024-03-08 01:47:38
7e1ozx,2024-08-10 22:29:32
rbvwyg,2024-06-12 18:35:08
7xjzfj,2024-08-26 06:52:48
mdcaus,2024-02-02 00:08:33
wu5j2b,2024-02-02 05:07:26
q7nork,2023-11-11 07:12:55
3dsnnp,2024-01-06 01:00:25
lgee25,2024-06-18 10:41:38
bqt37p,2023-12-03 22:10:06
gk51xb,2023-11-16 01:44:09
gtax07,2024-09-22 16:13:20
ch3nlm,2024-01-02 17:28:35
n96dd9,2024-03-21 06:10:06
195rjg,2024-08-23 02:47:28
1zin1q,2024-05-07 04:26:44
rajv8o,2024-06-20 08:46:09
qj085j,2024-03-13 17:18:30
095ann,2023-12-09 20:10:26
y2i6da,2024-08-24 17:22:59
x4gdt3,2023-12-14 08:26:59
9zrmh4,2023-12-29 07:58:00
c6unnr,2023-10-02 13:30:16
3o8ijr,2024-06-24 13:08:54
5o4z8c,2024-09-18 08:18:43
v8pjzw,2023-11-29 05:17:22
7w09a1,2024-03-20 17:00:27
svinxr,2024-08-05 23:15:58
n86fjc,2024-06-03 06:40:04
zjfefp,2024-02-10 11:04:33
12fbj1,2023-11-04 21:45:28
m39bzg,2024-07-14 04:57:28
pip3tk,2023-11-17 06:29:21
taghek,2023-11-24 16:54:45
hrbune,2024-04-28 09:39:28
cuxo21,2024-06-23 19:33:25
5nlox0,2024-04-22 20:41:29
jvscj0,2024-08-08 01:21:22
l30e4r,2023-10-12 00:37:36
y1g8n1,2024-02-12 10:47:46
p60sxs,2024-07-22 16:55:10
7mcya0,2024-08-18 23:45:06
52hfvj,2023-11-15 20:38:03
n7aaj9,2023-12-15 06:05:08
bz0ph4,2023-12-15 04:34:15
7p88ta,2024-05-10 04:25:59
q8vsxo,2024-03-29 11:09:07
kg3xb9,2024-01-13 06:04:37
tqsg1d,2024-06-14 10:49:56
rhvlwe,2024-04-09 06:02:16
8xc3tw,2023-12-03 05:51:54
1mab3e,2024-04-29 02:57:45
8d2ojf,2023-10-19 11:25:19
6eg99n,2024-03-30 13:19:28
syobyv,2024-01-19 07:34:19
q76umo,2024-06-28 00:46:06
xephpg,2024-08-12 11:33:13
rf919j,2024-01-29 18:33:20
r9yo3n,2023-11-22 05:06:57
18fhvt,2024-06-28 21:51:35
1hy5w6,2024-07-03 12:00:22
j7qzgs,2023-11-29 03:35:03
90scqr,2024-01-04 20:21:47
c24x50,2024-03-15 23:49:46
47lpwy,2024-01-27 07:34:28
hit3hj,2024-08-11 03:37:39
gmshyq,2024-03-27 09:26:20
q8gh5v,2024-04-10 21:29:17
nylt6j,2023-11-16 10:33:58
udh3h6,2024-07-10 20:45:54
bbroaq,2024-05-26 07:15:25
i8zd2i,2024-01-01 17:40:06
uevs7s,2024-07-22 16:23:51
xuir16,2023-11-05 09:07:59
qyw3km,2024-10-01 16:29:58
ar8y7a,2024-01-04 01:29:47
ean76b,2024-07-29 11:14:29
ixe27q,2024-04-02 03:41:21
o5e46w,2024-04-02 17:27:10
9lhwfh,2024-03-10 14:12:28
4n6bh9,2024-07-22 01:21:53
zzeero,2023-12-15 11:06:17
dvhtmd,2024-06-16 22:47:31
xc87a3,2024-06-16 16:02:21
ivwlwn,2024-01-26 23:01:10
jau1fq,2024-04-26 08:41:34
gj1okg,2024-04-05 13:35:16
ekjlr4,2024-04-16 08:10:43
efwmt9,2024-05-16 00:56:50
bcvlz1,2024-03-13 14:34:46
8jxhkq,2024-02-17 01:56:15
anef96,2024-05-10 00:59:13
obtp2r,2024-03-19 23:31:03
n0wvdb,2023-11-16 21:32:11
m1st80,2024-02-05 21:05:58
fjvnqo,2024-06-22 13:16:20
h3yqdh,2024-08-08 18:54:34
ajdmdj,2024-04-29 14:26:35
lzf4ku,2024-05-16 08:03:41
1sz8ht,2023-12-30 13:31:17
p17jhg,2024-06-10 01:06:17
roh86h,2024-08-02 00:32:48
u3itg8,2023-12-24 11:26:26
gsv2pr,2024-09-08 07:05:33
3uuk3m,2024-05-28 21:02:19
6oqu3l,2024-02-22 01:42:58
xw23p3,2023-10-28 06:33:58
8bnlh5,2023-10-15 15:12:44
7o9rgs,2024-08-15 03:00:39
61ahdr,2024-02-08 23:59:22
wq64l8,2024-01-16 06:27:10
hbqp8w,2023-10-15 02:51:29
0z86i2,2023-12-04 01:21:29
5gsbdm,2023-11-20 07:17:54
iyl8bo,2024-01-19 12:56:16
wlh7rh,2024-02-27 15:43:30
fshdis,2023-11-15 23:57:43
tfy01l,2024-04-02 00:29:20
fjlkdt,2023-12-19 23:06:52
uplmre,2023-12-09 17:22:54
nmptvr,2024-02-17 21:37:53
q46zc5,2024-03-03 18:30:22
h5uqzp,2024-03-09 06:51:47
3p3ygs,2024-06-30 00:32:54
jqqdba,2024-03-07 07:59:19
wfafip,2024-03-30 11:34:48
i7i49b,2024-04-12 15:51:19
nl6rfh,2024-05-25 23:17:10
2snqdd,2024-07-06 16:40:34
19nwyd,2023-11-26 06:01:15
97paid,2023-10-13 18:34:24
vriegk,2024-05-26 01:24:17
k9k399,2024-04-27 01:59:15
98ljnh,2024-07-26 12:19:50
yk59yh,2024-02-13 15:41:28
ash5pf,2024-02-16 15:28:49
cio92f,2023-11-26 13:52:02
43ckdj,2024-03-21 09:58:23
eyr8ur,2024-05-06 14:02:45
oj6egi,2024-05-15 13:54:38
16g7bj,2023-12-08 02:43:31
i9y1ot,2024-07-14 05:00:36
cwain0,2023-12-11 04:24:04
k7odke,2024-08-22 18:17:08
01l8pc,2024-04-21 11:00:48
9qo26k,2023-11-05 10:13:40
xlb133,2024-08-07 20:38:22
rb3mke,2023-11-07 11:45:18
mxcpmd,2024-02-04 18:13:00
xig8fc,2024-01-05 12:52:13
cigbys,2024-09-15 17:38:52
umiqbd,2024-09-30 21:53:42
52eg0z,2024-06-01 04:47:44
1stezc,2024-01-29 11:48:45
xnffkv,2024-08-21 13:53:59
0lhc8s,2024-09-22 14:51:01
v4cjln,2024-01-17 03:49:39
kgllhr,2024-02-04 05:11:41
e6tkha,2024-02-03 14:48:36
zx664e,2024-07-10 10:42:04
gof79c,2024-09-11 18:15:17
2gohny,2024-08-04 19:27:38
rjelh3,2024-09-02 05:50:00
g1qxcm,2023-10-02 14:45:26
p5b1yl,2024-05-22 07:49:17
gw9jr4,2024-01-31 20:51:07
x76ndg,2024-06-19 00:35:02
5p1a4y,2024-01-04 00:18:36
5zuixs,2024-09-24 04:05:04
6sm2zt,2024-02-26 18:04:41
kv1i6r,2023-10-07 16:52:10
fgnukh,2024-04-05 03:19:25
m0769u,2024-07-29 18:27:26
4zxgtz,2024-06-06 20:36:12
6vwufa,2024-02-16 07:39:27
jqw46l,2023-12-24 17:51:51
6jvor6,2023-11-19 11:20:14
waq2y5,2024-09-21 19:55:26
vfzf0z,2023-11-20 15:12:05
zcs1hc,2024-05-27 16:58:07
q3fv2q,2024-08-08 03:00:53
le7c47,2024-08-17 11:51:28
t2jjvh,2023-11-10 18:21:00
316q5j,2023-11-19 00:35:52
pp4rar,2024-07-23 18:33:18
ji0jfj,2024-04-07 01:02:28
3s1lah,2024-08-23 07:33:04
sbgvje,2024-04-22 09:27:20
fg2q6r,2024-04-15 00:56:51
rurljr,2024-02-19 13:32:03
dejsin,2023-11-18 00:55:41
qr3hg6,2024-02-08 12:37:38
7vsbxe,2024-08-13 14:20:20
5ybfgb,2024-02-08 05:17:59
oipcbn,2024-01-12 08:54:26
xj63ec,2024-05-27 18:16:43
tfbb6y,2024-02-03 20:15:05
x2ocmd,2024-08-17 16:17:53
pxevk8,2024-06-27 19:12:03
75ozxs,2023-12-05 05:50:18
23n6vt,2024-06-09 00:39:43
gff8vu,2024-07-11 18:05:57
6vw2a2,2024-04-19 17:19:02
higjfz,2024-06-22 21:00:03
1w3sz9,2023-10-24 04:07:13
2dj30t,2023-10-08 23:15:19
ignrwn,2023-11-01 04:46:24
124dmb,2024-08-18 11:18:47
8ryfsf,2024-08-10 00:35:04
proclq,2024-08-18 12:25:15
0w8r7c,2024-04-07 12:42:34
vl2asi,2024-09-28 11:05:35
c5xskf,2024-01-16 13:56:27
kc02yp,2024-04-03 03:23:34
k3mtg8,2024-06-19 18:36:20
0pn2t0,2024-04-07 21:42:52
rf9w70,2023-11-06 15:24:39
oda7ut,2024-01-29 15:36:30
0slwpf,2024-02-04 22:10:05
t38a82,2024-04-24 15:55:43
dw688y,2024-04-13 16:35:45
jwaqos,2024-08-10 12:04:10
mx4k6v,2024-08-08 10:19:16
2tssxn,2024-05-10 13:59:44
wjaxxe,2024-03-26 07:51:49
9xjscb,2024-02-22 18:39:11
pfsbag,2024-01-03 18:39:09
l0dnnw,2024-04-30 06:21:09
hhuitj,2024-01-27 11:48:02
xjk3xm,2024-01-28 01:57:16
w11az5,2023-10-31 11:56:09
zxfw6o,2024-08-06 02:44:25
wqq0ta,2024-03-24 11:43:56
o9xpao,2024-09-09 05:39:45
9iabtf,2024-03-12 05:50:42
lwsm4c,2024-04-07 21:55:20
qjwj6o,2024-05-06 16:22:46
nqucjy,2024-08-31 09:25:51
agzopp,2023-12-15 10:43:07
959l2q,2024-08-17 01:53:32
3bhgd4,2023-10-06 14:19:34
vqa7nf,2023-12-30 09:28:05
0221qo,2023-11-11 06:51:49
gg71tc,2023-11-27 09:15:25
fozr11,2024-07-16 21:04:29
vc0jji,2024-05-06 01:50:44
jasf9g,2024-06-20 01:01:56
hj5zcw,2024-06-29 10:29:40
i3sdpy,2024-08-03 05:52:52
pcns0p,2024-08-07 16:11:48
sbuz1f,2024-06-11 14:55:21
9bli9e,2024-02-15 06:05:34
u9y1bw,2024-09-18 19:35:16
vx7y30,2024-06-22 21:57:54
bzr4ok,2024-01-30 07:12:15
nocqop,2024-04-23 20:28:17
q1haug,2024-05-22 12:40:23
bxjidi,2023-12-29 02:30:09
pa9a7e,2024-05-15 14:14:55
ts8i9h,2024-08-08 15:28:24
5m8xjc,2024-02-08 15:56:32
s5ezfo,2023-12-19 11:05:38
3cdd7o,2024-03-16 20:25:35
0pngd5,2024-04-12 19:12:17
gx6mli,2023-10-09 21:55:12
tqtoj6,2023-10-25 08:52:42
jxekwc,2024-07-26 19:34:30
e84huq,2024-04-07 11:11:11
qlxblm,2024-05-16 23:36:41
89hbdr,2024-09-13 11:04:03
jwfqnt,2024-02-08 11:00:01
mqqd2k,2024-04-28 10:08:16
7ima2q,2024-05-30 07:01:20
rkspwq,2024-03-02 22:57:45
ooc9pe,2024-04-04 09:21:59
vjmoi3,2024-08-01 20:03:03
746g1v,2023-11-14 07:53:49
bcms4x,2024-03-11 20:31:16
8xg5db,2024-09-19 15:01:01
chwghr,2024-07-22 08:08:09
z4ipi8,2024-08-12 17:02:20
q4eokp,2024-09-13 09:37:42
2bdxhr,2024-07-30 20:28:26
fdjn6u,2024-09-20 08:41:57
7b9do8,2024-06-01 10:11:10
gc470b,2024-03-01 17:51:55
7d6ogp,2023-12-20 12:40:23
svckcs,2023-12-21 18:51:05
oeti8y,2024-04-22 16:18:39
94r2te,2024-07-02 11:50:32
j49xol,2024-04-03 21:22:13
jetdfz,2024-08-15 16:07:00
vweb4b,2024-07-05 20:05:22
cmcl1y,2024-04-30 19:48:16
x716qi,2024-01-20 00:41:33
to1xjf,2024-05-31 06:34:54
zty8bt,2024-05-22 05:27:36
mwida5,2024-03-24 06:44:51
aehj0t,2024-05-28 08:21:57
vy5azx,2023-11-09 12:56:08
ksz34o,2024-08-18 07:44:27
k1dw99,2024-08-03 23:34:48
rncjyx,2023-12-13 02:15:51
12sh5j,2023-11-23 22:32:34
o4838d,2023-11-09 23:16:27
8n8zut,2024-01-02 04:09:32
timcq6,2024-08-15 19:16:44
zp6e7q,2023-11-26 17:23:28
85vdke,2024-07-14 12:04:40
578jaa,2024-07-29 09:54:36
t2w162,2024-03-26 08:27:15
kagjeb,2023-10-20 14:36:06
a1p2f2,2023-10-20 02:39:54
5jruxr,2024-08-17 21:45:44
uy6o68,2024-04-27 14:53:18
k6rrzf,2024-07-21 04:46:18
iz9a5f,2023-10-22 14:35:50
hedvmu,2023-12-24 20:48:20
ywgqs0,2023-12-18 17:52:06
fc1jcg,2024-09-03 14:43:09
8s7d9y,2024-02-25 07:18:41
43w4vx,2024-06-17 21:33:16
1wz2tk,2024-08-26 23:39:33
lsq793,2024-04-27 01:24:54
jha7fc,2024-09-23 09:09:24
394tzi,2024-05-10 19:25:41
0bsrae,2024-08-01 17:48:41
5nqwfb,2024-02-08 02:19:13
kfuc9q,2024-09-01 02:41:10
2bdt3r,2024-02-15 20:09:44
5ed4vx,2024-01-09 05:01:28
f8e20v,2024-01-31 12:33:37
33afox,2024-06-20 11:08:34
cacrgv,2023-10-18 20:31:23
h4y8xa,2024-07-29 02:14:22
38y81l,2023-10-10 09:53:24
a93by6,2024-05-05 21:08:03
cy1cbq,2024-05-26 14:34:44
u0wifb,2024-02-18 08:27:59
pjx99p,2023-11-26 03:22:23
2by1rz,2024-09-23 03:11:52
7mouju,2024-01-19 13:03:21
rwi8mn,2024-01-29 07:57:09
nmqe9s,2024-01-14 16:57:53
tyzf77,2024-04-07 03:22:08
72ngwu,2024-01-15 09:33:51
711uax,2024-01-09 19:13:33
x3eszd,2024-07-13 01:44:35
w46ft7,2024-02-09 02:24:11
e5y5rn,2023-11-17 17:04:40
x3y25y,2024-10-02 19:53:57
a07dxa,2024-06-01 13:23:05
fs2x7o,2024-06-29 20:09:47
bmps8o,2024-03-25 02:48:02
oaaluv,2023-11-11 07:54:33
j2b7k6,2024-09-20 01:29:46
rqevsf,2024-03-01 01:53:06
t3zttl,2024-05-19 06:12:27
nidd5l,2024-09-05 07:01:59
z2fsd4,2024-04-11 02:50:41
nxz92n,2024-08-21 17:44:42
q4w38y,2024-08-17 10:03:56
umm6o4,2023-10-10 15:41:01
t2rqnt,2024-05-30 06:11:11
fnz95v,2023-10-15 08:27:10
zcb7jq,2024-09-25 11:52:46
x9fon0,2024-03-11 16:12:30
qk6khm,2024-07-11 08:22:46
3uz82v,2023-10-14 17:45:34
n5i80v,2023-12-14 11:28:20
114s3l,2024-06-06 04:12:17
7ka8pa,2023-12-04 03:23:09
lf6zik,2024-03-01 02:38:22
jb4tda,2024-07-03 22:01:17
8n4c8m,2023-12-15 02:24:56
21vyl3,2024-09-18 01:29:38
tel6cf,2024-05-12 20:34:48
uwebu3,2024-01-13 08:05:22
dvji0r,2024-03-25 03:39:46
ze3umn,2024-07-18 04:22:01
d4uv5q,2023-10-12 18:58:08
t8tmkh,2024-08-26 19:56:48
u51p3v,2024-04-30 13:18:56
9g9nn4,2023-11-26 08:07:30
88ftv8,2024-07-06 15:35:27
cbirq7,2024-09-01 02:31:44
9jzinf,2024-09-28 14:37:38
arb3sh,2023-12-04 16:23:42
v7be7j,2024-01-02 18:00:47
pn1byg,2023-10-20 00:12:57
ikk31k,2023-12-20 06:55:43
tdqql5,2023-10-18 22:01:34
z0qg3c,2023-10-25 09:25:26
1p4j0m,2024-09-14 10:38:08
1y11my,2024-04-11 11:01:15
e2wsn2,2024-01-23 23:28:39
rqthxd,2024-07-24 13:27:20
tpfk4w,2024-03-04 12:29:37
91ome9,2023-12-30 09:44:06
9wkh74,2024-03-13 12:22:08
c54mzu,2024-06-09 12:35:17
gkagkf,2024-08-18 17:51:19
qlbi0x,2024-10-02 07:45:28
8o5lr1,2024-07-22 12:11:22
b5ra9n,2024-04-07 21:41:34
pihvid,2024-05-26 01:54:13
jd7v7i,2023-10-11 11:40:34
p8yb69,2024-09-22 13:34:24
z860j5,2024-01-09 20:18:33
6061vk,2024-02-08 08:32:40
tu0i5q,2024-01-23 01:29:25
sd70q7,2024-05-24 14:56:47
hjgxs9,2023-12-11 03:23:37
961aoh,2024-02-26 11:35:10
c009ir,2023-12-15 07:02:29
64xmsr,2024-07-18 16:41:21
u5sgh1,2024-07-23 21:42:18
scwye9,2024-09-19 07:05:19
3nw399,2023-11-16 11:51:00
gp2tnr,2024-02-21 18:34:33
cg8lpt,2023-10-26 17:34:22
9a27k4,2024-08-09 15:10:07
y76ki9,2024-09-22 15:17:30
cg3x59,2023-12-25 07:05:29
jc67o3,2023-11-01 01:19:41
5bj6ry,2024-08-21 16:20:04
w5l5go,2024-06-22 13:50:53
z1eulg,2024-09-24 19:39:33
8cvfwq,2024-02-09 09:41:22
a4uzxa,2024-02-24 06:06:54
tv0ck8,2023-11-30 20:01:08
ulnkrv,2024-07-11 22:58:56
8d39zi,2024-06-04 08:11:16
uxixhr,2023-12-11 02:30:34
oqsrvj,2023-10-01 13:45:17
fq4vnw,2024-02-09 03:01:28
l64bd1,2024-07-09 11:26:39
xm9x9s,2024-07-16 10:31:08
4f1mky,2024-01-08 23:49:45
z7lx8l,2024-03-10 09:28:58
srv33v,2024-06-30 11:47:27
hoc2un,2024-03-20 01:54:22
v69u6q,2024-03-09 21:25:01
wklsa9,2024-04-01 21:42:45
9w71r4,2024-04-15 22:52:33
dl8djy,2024-01-15 22:24:19
b9npss,2024-06-08 11:11:33
gsvq38,2023-11-03 07:58:26
7xxfdl,2024-07-17 12:58:28
t2ktxf,2023-10-22 05:58:33
gbt3d9,2024-07-14 19:23:48
1nhhm4,2024-05-25 12:39:09
8qrlpk,2023-10-27 19:39:56
easn03,2024-05-14 02:12:42
jbbjay,2024-02-12 22:11:48
arwavc,2024-03-22 02:02:51
b1k3h4,2024-06-15 15:13:33
ko1mbt,2024-01-07 09:10:06
pkk987,2024-02-26 21:07:06
pdnbob,2024-08-21 06:13:36
r4rviv,2023-12-07 18:53:24
vskmio,2023-10-02 12:41:57
mfm5h8,2024-02-28 19:19:56
apiju7,2024-05-04 14:36:40
ffuxq7,2024-03-10 21:06:21
c3e7gq,2023-10-05 05:01:51
bo0pgm,2024-01-16 19:05:21
6jdwez,2024-05-08 01:45:41
qpgkie,2024-06-11 23:53:20
hx7cca,2024-09-22 04:48:45
loqs6a,2024-09-28 04:58:42
6r3qth,2024-08-15 16:13:33
v6t2wx,2024-09-07 03:38:41
s4vpxf,2024-02-22 23:12:49
vi8rgy,2024-06-21 21:43:32
72r1ir,2024-06-23 13:33:35
hnimzr,2024-02-02 03:51:00
3rurw1,2024-06-09 09:45:20
bcvax8,2023-12-21 01:19:22
qtezxu,2024-05-06 06:25:51
e2rg3f,2024-07-14 04:52:57
6ny6e1,2024-04-21 17:20:30
znlsrj,2024-07-01 12:00:05
nit30s,2024-02-20 21:27:14
hvwsvu,2024-06-25 16:02:09
aipuum,2024-02-06 01:34:03
nxr423,2024-02-15 23:39:59
5hrn26,2024-03-29 03:48:26
peya9k,2024-07-27 01:41:14
dtju0z,2024-09-14 16:30:34
6suuho,2023-12-11 12:33:13
xfjf73,2024-07-02 23:41:48
8nm9i9,2023-12-30 05:06:28
4wde8q,2024-08-06 03:38:18
c40x63,2023-12-21 00:33:09
0frx4h,2023-12-27 19:44:54
iax0za,2023-12-08 12:03:38
m83ebr,2024-02-08 23:35:06
h2f3cf,2024-07-18 02:16:51
zthkbp,2024-08-25 03:57:44
cauakn,2024-08-15 21:54:43
wmtyv8,2024-02-07 14:05:36
w6sms6,2024-06-19 03:39:36
43lxru,2024-02-03 14:13:21
pcvp5d,2024-08-26 21:06:19
6ch05c,2024-04-28 21:19:31
nif83n,2024-05-25 10:25:41
p5elx3,2023-12-28 15:02:35
qre8au,2023-11-28 11:35:02
ghvj9g,2024-05-07 19:04:50
dwfi97,2023-11-25 21:42:14
av9ym9,2024-08-01 21:13:10
zk8ae8,2023-12-16 09:58:43
gzdks2,2024-07-26 09:29:17
0fbyvy,2024-09-29 18:27:51
4l1b7p,2023-11-09 13:27:21
1fj15s,2024-04-11 09:55:12
fdyqa0,2024-01-15 13:14:43
qzap4y,2024-05-22 15:23:42
ct0x3f,2024-03-19 03:18:00
d20f9j,2023-11-27 16:51:35
csuy6r,2024-03-09 01:29:43
hqdruh,2024-02-21 18:21:22
kmaiko,2023-11-12 21:11:44
e8zj0z,2024-04-26 22:19:21
iernxd,2024-04-22 19:04:36
d6u283,2024-08-12 05:57:01
23z24y,2024-04-25 04:30:30
0r66ou,2023-10-25 02:49:38
mb44m6,2024-07-04 06:56:06
az2ekm,2024-09-17 06:02:01
li3a57,2024-03-18 16:07:35
57tr8a,2023-10-27 04:53:07
m7o8bs,2024-08-15 06:35:37
gjlwy1,2024-09-20 17:00:23
hyszlb,2023-10-02 13:37:58
ecys2s,2023-12-30 03:03:03
yphdqt,2023-11-23 21:43:01
tveh8d,2024-01-09 02:42:46
3c0f0u,2024-09-22 18:04:19
yilna1,2024-02-02 01:31:13
ybnm76,2024-04-05 22:48:25
8tiqgb,2024-02-17 12:13:43
89908v,2024-04-10 13:05:43
si4mi9,2024-08-26 17:24:19
unzsrq,2024-03-10 08:07:58
3047ey,2024-04-09 09:22:05
u5tc2h,2024-09-08 15:02:27
pyhr89,2024-08-09 02:13:34
1sj1zk,2024-07-29 10:06:06
awhjbj,2024-04-03 04:50:59
zlvw5w,2024-08-15 18:10:04
c55isn,2023-10-14 19:53:48
6yjg87,2024-04-04 04:40:03
eq797z,2024-06-08 04:22:22
vijx53,2024-04-20 08:42:49
nvhukh,2024-08-03 14:02:04
dh2a0l,2024-07-02 20:24:58
2prys3,2023-10-31 21:37:12
6ryt97,2024-10-03 18:39:19
jkocdk,2023-12-30 13:01:02
exeb2g,2023-11-18 17:09:14
emgalg,2024-03-10 15:45:27
biqn1t,2024-03-13 21:28:41
2ddt5u,2023-10-09 17:39:23
db6wlo,2024-03-27 02:35:39
84bztj,2023-11-24 17:16:25
kkrhbd,2024-07-07 11:47:12
ftnrb6,2024-03-11 05:55:57
k0jqbq,2023-10-13 23:28:14
xyg206,2024-06-27 20:09:13
if6abr,2024-02-24 02:36:40
mau8ji,2023-12-13 01:18:22
ug8sym,2024-09-15 11:50:01
6jz5ob,2024-03-05 09:43:32
b4wxbt,2023-11-18 19:07:37
tc7nsp,2023-12-21 08:56:24
emg6di,2023-12-27 15:17:22
b1emi6,2023-12-05 18:20:38
bzw24p,2024-05-10 23:26:54
rbe429,2024-01-11 05:06:42
sqn6rp,2024-04-09 01:34:14
tdoq7g,2024-06-19 09:51:18
ixrek4,2024-03-31 07:56:51
dyo6at,2024-06-17 06:38:15
bodpuw,2024-06-29 16:58:42
cvvrsx,2024-03-09 18:42:29
s7k8g4,2023-10-24 18:58:54
vzi1ic,2023-10-06 08:41:40
nwzoig,2023-10-31 20:14:48
ckeuj3,2024-05-12 01:49:43
kn92nu,2024-05-28 10:01:36
q469hs,2024-08-11 03:29:29
3q747v,2023-12-30 20:51:17
jutzaz,2024-09-04 14:30:44
a4hq5y,2023-10-10 18:40:03
2q7yj6,2024-02-18 13:38:09
anld13,2024-04-16 06:52:45
avsfav,2024-05-10 15:39:43
e8ecra,2024-06-10 22:11:22
0q47iv,2024-03-28 07:35:39
vmga1y,2024-06-25 12:28:02
3q0zyk,2024-02-05 17:31:17
53mku1,2024-09-30 16:08:22
50lin9,2024-01-29 20:58:24
54izfz,2024-03-05 10:39:45
ssshoc,2024-03-21 02:00:18
nv0u4q,2024-06-04 23:53:29
aj92ic,2024-03-06 14:10:50
c2y8o0,2024-02-01 03:05:40
yqb6vm,2024-03-29 09:44:04
cnznf7,2024-08-04 08:12:12
uc3yco,2024-04-06 00:56:55
c1194g,2024-08-05 03:13:03
e3fa3q,2024-01-02 00:24:05
zgzd6w,2024-01-12 10:22:01
5y80b0,2024-01-14 03:14:38
suxv8y,2023-11-14 19:36:22
w48h0y,2023-11-28 11:46:35
sj6siw,2024-04-04 08:36:19
orphw9,2024-03-08 07:52:31
rc0klb,2024-02-05 03:47:18
d7o7h0,2024-05-20 16:20:55
0xaxje,2024-06-28 16:13:18
uykelr,2023-11-08 23:46:48
mlgsv2,2024-01-19 22:21:27
t4x950,2024-04-22 10:13:07
xig91w,2023-10-12 01:35:21
8j1sar,2024-03-01 01:19:26
vq93pe,2023-12-02 06:26:28
mcvx1g,2023-11-05 20:42:11
1jlvga,2024-04-11 22:10:40
jxto4q,2024-06-30 13:20:25
hwxojq,2024-06-03 17:58:36
ogpku5,2023-10-07 07:46:49
priq3o,2023-11-24 09:41:19
1698bw,2023-10-10 22:36:39
0jyijf,2024-06-30 21:56:11
1ups1r,2024-08-12 16:36:20
q6zfrb,2024-04-27 09:38:48
ft36kt,2023-11-30 16:21:04
39rkum,2024-01-03 11:01:09
nume8p,2024-03-24 17:51:18
m88sw6,2023-11-22 17:04:38
h0n2e6,2024-04-25 05:46:09
tvl1he,2023-11-02 20:41:59
8qb8oa,2024-01-19 09:15:42
6v8u9t,2023-12-13 03:14:05
nctoe6,2024-09-16 03:54:09
13h00v,2024-01-27 08:07:56
1b8jpb,2024-06-13 20:51:40
39g3dv,2023-10-21 12:59:08
sz7gel,2024-05-07 04:39:57
x5q35u,2024-09-13 16:58:12
ahvdms,2023-11-04 10:40:24
4msa4y,2024-01-18 21:28:09
7m0c8o,2024-09-28 16:46:23
dolnxx,2024-06-15 02:55:29
8edpkk,2024-07-15 08:17:49
6eft4q,2023-10-08 07:59:57
eigo30,2024-07-30 08:08:46
watrm2,2024-03-31 09:51:53
onz98p,2024-01-15 17:03:43
t35zs1,2024-03-01 11:59:56
3qm7qm,2024-03-07 19:37:03
xqamba,2024-05-09 23:18:11
xb0lq3,2024-04-29 06:19:53
4wt6cd,2023-12-15 10:38:37
4uw4es,2024-01-12 08:58:32
90w3w7,2024-04-22 12:35:59
u0z1gx,2023-10-16 10:14:45
z8k04l,2024-09-03 22:02:14
8x089u,2024-06-17 23:14:20
ktkofo,2023-10-27 21:36:21
ccyso1,2023-11-04 09:15:40
zp4pbe,2024-06-07 17:48:16
ymac78,2023-11-21 04:15:24
9fluy7,2024-05-13 15:52:49
w0z0o6,2024-06-18 11:21:21
qy1jdh,2024-05-07 04:46:04
wespmn,2024-05-24 15:11:51
lgx0ec,2024-09-12 02:55:29
7vm8me,2024-08-02 03:00:14
2c47tj,2024-03-17 03:09:13
vd9k9y,2023-11-20 00:48:16
3p4mf9,2023-11-05 23:51:16
7cegm8,2024-08-10 12:13:58
7309xc,2024-02-20 08:43:37
yrryn9,2024-04-02 14:08:55
3llxcs,2024-06-21 18:20:29
yzhp3b,2023-11-13 02:42:22
c6aink,2024-04-03 04:49:47
zauftm,2024-03-16 11:51:10
lefjj5,2024-01-11 00:46:39
htqa9n,2024-01-12 03:50:47
8b8ntv,2024-09-04 01:19:54
o06wp6,2024-01-21 14:27:52
fthhpf,2024-02-09 02:59:32
dzyktz,2024-02-21 09:49:58
5wafx9,2024-09-14 18:36:44
5ii213,2024-01-08 19:17:03
oflz2x,2024-05-14 13:08:09
pe5knd,2024-02-08 22:01:30
edfrch,2024-01-31 07:08:40
fsmqyi,2024-03-24 20:27:17
bsla43,2023-10-14 14:58:47
dx8w0x,2024-06-11 04:07:53
80bkcc,2024-09-11 11:15:50
iski51,2024-08-15 19:43:47
3kzwzw,2024-05-28 19:04:37
b169fn,2024-04-24 13:50:02
l61za8,2023-12-28 11:03:04
avss7e,2024-03-16 03:47:12
o67e6l,2024-05-08 00:24:25
b67rwb,2024-08-25 13:22:53
86xlro,2024-02-21 10:48:12
fqlp4e,2024-07-26 00:11:57
hatpxu,2023-12-12 20:21:38
3ccbcx,2023-12-19 08:50:15
yfpkui,2023-11-29 02:38:08
xcmiii,2023-12-20 06:17:00
flg1ur,2024-04-08 13:38:00
j9hlh6,2024-08-03 04:15:17
dwpxoc,2024-02-25 07:44:44
tt2ngs,2023-10-21 23:17:08
efb4ql,2023-12-08 05:42:08
lwyyx7,2024-07-09 15:03:23
1rb3t9,2023-12-18 20:53:32
tn52te,2024-03-30 04:40:00
flw2ud,2024-10-01 06:45:28
ovldvk,2024-01-13 00:28:17
5ljqph,2024-01-12 00:42:12
h9owme,2024-03-15 18:00:01
7q0l8a,2024-09-06 14:24:22
y6luih,2023-12-15 05:40:50
pkqjt6,2024-04-08 12:59:33
uuxyj1,2024-01-29 02:42:53
b5pmkk,2024-01-04 06:30:45
l2xj5w,2024-08-23 06:38:00
f9dj8t,2024-08-23 01:17:23
eq3dte,2024-09-03 07:07:36
j8m8oc,2024-04-05 00:16:33
8zk6n2,2023-11-06 07:58:05
l9cdc9,2024-06-05 11:04:21
lkxv7a,2024-02-15 08:50:31
971tlr,2024-04-11 11:10:26
tgqs1t,2023-11-13 12:02:50
5p6bcz,2024-02-03 03:21:01
upzu2m,2024-04-11 12:31:21
nmj2lx,2024-02-22 18:24:55
i3xssc,2024-04-23 14:13:04
oli6ru,2024-04-13 01:56:14
nkia4m,2024-08-29 12:52:21
d5gq2y,2024-02-25 09:22:05
m6r63c,2023-12-07 06:11:47
r4z9we,2024-04-19 01:12:14
dalugt,2024-05-14 07:20:19
o9suob,2024-01-04 10:02:03
p6xmkl,2024-06-09 19:38:53
89fdl8,2024-03-10 21:13:16
k9mrf2,2023-10-24 17:00:00
0nzz9f,2024-09-28 07:26:16
v9co86,2024-02-13 12:58:35
eoletx,2023-10-27 00:05:21
7973bn,2024-07-30 05:30:55
gdjpcs,2023-10-20 02:16:46
1k72kj,2024-03-11 05:04:00
o2hxit,2023-11-18 19:22:04
44xdxp,2024-06-24 09:57:48
jgn44s,2024-01-27 07:01:04
e99z1n,2023-11-20 15:01:04
9kdwt1,2024-09-11 15:36:47
w0lvr8,2024-07-24 21:34:58
vxd9m2,2024-03-17 22:55:51
ixlnlj,2024-01-19 08:29:22
ewpcd3,2024-02-04 04:31:36
tv3pwa,2023-12-03 23:13:25
hahqei,2024-09-15 06:27:50
vekbzj,2023-10-09 20:33:44
nq3t6v,2024-02-21 03:31:12
l4uawu,2024-01-25 06:14:22
vs2o39,2024-04-07 23:55:28
9cjhxj,2023-12-30 21:55:56
20qdey,2024-04-24 04:28:56
wt8kq9,2024-05-08 21:22:02
g6hjxs,2024-04-26 11:41:55
g2cjca,2024-09-23 15:57:30
68143m,2024-06-30 22:22:09
cuo63d,2024-07-19 00:42:53
hskpsx,2024-05-18 08:09:28
hn5ei4,2024-01-09 07:08:27
8evzp1,2024-10-01 22:29:21
2lai3a,2024-05-09 13:19:38
in6dac,2023-12-01 11:54:29
o2jd49,2023-12-30 04:57:33
pgsslu,2023-12-11 20:14:49
bh3224,2024-01-04 17:59:11
gaq46i,2023-10-27 12:22:20
0b1bhw,2024-07-13 13:57:54
6ibe46,2023-12-06 11:04:08
z6iub5,2023-11-10 04:22:38
h1fd0f,2023-10-05 23:08:49
3yfl6s,2024-09-28 21:15:25
hwbc83,2024-04-06 18:29:36
bf9ovr,2024-01-26 19:01:45
43ommc,2023-11-05 06:29:44
srkzx1,2023-10-11 09:57:40
b201d3,2024-01-27 02:43:10
wdqgbj,2024-01-17 11:32:09
vst3x9,2024-07-25 21:46:09
32kmxe,2024-01-05 14:03:36
v7bmqz,2024-01-11 08:28:03
nx0wcn,2024-09-29 12:24:22
yqgajo,2024-01-16 09:46:12
cb1k6c,2024-09-04 06:40:04
e9ku7o,2023-11-14 02:25:49
b5uia2,2024-03-04 17:43:50
k6r0ju,2024-05-21 08:56:17
pto7ko,2024-09-02 03:18:13
2jixfv,2023-10-05 21:12:31
igqe4r,2024-05-30 02:59:52
vjf66c,2023-12-15 14:05:18
uarajp,2024-05-02 23:46:56
b4xln3,2024-08-12 21:02:55
a7oycv,2023-10-07 21:04:37
qqloh3,2024-05-20 08:23:03
oa8zwi,2023-12-21 14:47:23
di1v9j,2024-03-22 00:00:26
hiu5hq,2024-07-31 23:57:06
imva7h,2024-07-09 01:21:26
d6k5or,2023-10-16 00:47:27
cb9beu,2024-08-13 00:31:43
x3acis,2024-01-15 17:12:49
2s090q,2024-06-29 17:38:44
o6xpnc,2024-05-27 00:29:03
k9iiab,2023-10-25 22:15:34
3h2wbv,2024-01-31 21:35:30
iehppj,2024-01-10 02:11:01
sdnld9,2024-10-02 15:16:59
5jl4rx,2023-12-15 06:51:05
m11b0c,2024-07-16 07:25:15
gpluse,2024-01-17 11:21:16
z7qgil,2023-11-09 06:01:16
5ih369,2023-11-28 19:16:47
m7gvgz,2024-04-06 16:39:49
aise63,2024-04-24 22:17:43
jrnief,2024-08-03 14:53:56
i3brja,2024-04-01 06:57:57
q73wla,2024-02-26 09:59:14
n4xmyq,2024-08-01 11:55:14
lm3awu,2024-08-17 21:19:19
c5v33b,2024-09-03 06:40:59
2wcppr,2024-09-18 02:05:11
6o0p89,2024-04-06 20:58:06
kbl747,2024-05-02 06:45:51
o2y3g5,2023-12-23 00:40:11
bgzozx,2024-04-06 00:51:42
20tc1e,2024-04-25 14:33:42
g86bby,2024-09-10 14:58:45
7xntdy,2024-03-20 04:46:15
0i00j1,2024-05-17 22:17:12
4u7j68,2024-09-22 23:00:05
1uezbf,2024-05-18 17:41:40
68ylhx,2023-12-01 07:05:23
kcs3gl,2023-11-30 22:12:44
8296zv,2024-07-03 09:25:43
vu3r92,2024-09-12 00:20:08
80e9ak,2023-10-29 00:55:38
tw8a2q,2024-09-14 06:33:09
y7fl3b,2024-05-22 06:53:46
w5r3y6,2024-02-19 18:13:05
qfycye,2024-05-04 08:02:08
x9rdu8,2024-06-17 11:47:11
tzbi4g,2024-01-22 02:05:21
c6p9yn,2023-10-09 15:45:55
5xm6vr,2023-10-05 02:17:20
lob7hf,2023-10-06 00:49:55
dhcskt,2023-12-29 15:54:22
lkayws,2024-03-24 14:44:52
pk9c9r,2023-12-03 05:19:39
7pz12y,2024-07-28 06:09:46
xutgaa,2024-08-20 04:51:01
0rdoo6,2024-02-22 18:36:39
x2o7kg,2024-04-09 15:20:44
75j15z,2024-09-20 03:54:41
u1cf3p,2024-04-29 23:17:10
vlkg8x,2024-01-25 09:17:05
667v25,2024-09-16 09:50:35
q5a423,2024-02-28 11:17:52
uqnkgq,2024-08-27 15:41:17
ik4q27,2024-06-10 03:40:45
baqzls,2024-01-26 06:27:34
7aqku0,2023-10-05 02:01:22
9apv82,2024-09-15 16:48:19
q09szk,2024-09-28 15:51:27
8l2o9d,2023-10-04 02:56:57
ehemao,2024-07-11 20:05:41
5ntvou,2024-09-14 01:19:48
rnsxxe,2024-09-01 02:35:16
au6xkk,2024-08-27 20:36:45
sj198i,2024-08-31 13:11:20
1475lu,2024-05-15 12:48:30
yix63z,2024-07-23 14:03:02
iloykz,2024-06-25 00:42:40
w3f3e2,2024-03-11 20:53:22
pz8ysv,2024-04-25 16:46:17
rl518g,2024-02-19 13:58:57
03ceer,2024-01-04 06:19:02
8afrgj,2023-11-08 05:09:05
d9kii3,2024-09-28 12:58:17
jms5pv,2024-06-02 12:21:50
dqlr6l,2024-01-14 14:27:23
p9tyj5,2023-12-31 15:45:28
epfa2v,2024-03-02 19:31:04
24fb5f,2023-11-12 11:27:00
ycaaeu,2024-07-28 06:53:28
moezxc,2023-12-14 23:06:33
tjsxka,2024-08-26 17:48:47
94v6hz,2024-08-09 06:04:29
471jum,2023-11-03 18:04:39
3lbc2h,2023-10-23 14:31:50
xo9czz,2024-01-16 05:29:19
24niqo,2024-04-24 06:22:24
lo91x0,2024-08-05 23:21:14
l47er1,2024-07-16 01:42:18
fe8o5e,2023-11-11 03:31:18
sywugv,2023-12-04 01:23:03
b84ps6,2024-07-25 19:28:30
0iooqz,2023-11-09 15:07:11
qt9z3p,2023-10-16 19:32:16
qq14he,2023-12-19 22:37:03
3t5ycg,2024-03-20 23:09:22
mtbgj0,2023-10-03 14:53:57
rwai7a,2023-11-26 00:07:26
prxut9,2024-08-11 06:02:52
dxu9b0,2024-06-09 01:29:09
8xh02p,2024-06-12 17:30:02
knl1ln,2024-01-14 18:11:45
m2qafs,2024-03-01 18:08:34
349pds,2024-07-05 12:59:51
14oyzr,2024-06-21 06:08:35
z50831,2024-04-08 02:12:37
559kns,2023-10-05 15:26:17
regxst,2023-10-12 19:29:12
ssuq6q,2024-08-22 04:36:54
pj2a7s,2024-06-08 15:29:17
3fhhud,2023-11-21 02:21:21
guqn6j,2024-06-01 01:34:26
trprqv,2024-01-16 20:39:05
ekw6s4,2024-09-28 06:55:13
deobvn,2023-10-10 00:46:14
gfnxue,2024-06-03 00:37:51
71igr4,2024-07-27 03:30:06
7nfnro,2024-09-16 07:04:19
1747o8,2024-04-09 19:09:53
dfdsqo,2024-04-13 20:36:11
pv4g31,2024-02-21 23:33:09
7b29p8,2024-03-04 02:15:41
fetpdg,2024-06-26 17:03:29
nshnms,2024-06-06 13:35:50
u77c81,2024-04-24 19:19:30
zpmbn6,2024-04-23 11:19:38
p69if6,2023-12-15 20:16:22
tcb5wd,2024-01-06 16:35:49
aep6lh,2024-09-26 04:39:10
v5a5vz,2023-12-26 05:45:51
0oh2uz,2023-10-12 23:45:58
38reiy,2024-05-31 20:20:13
emqrym,2023-12-13 20:55:18
dko8a9,2024-09-17 08:14:11
tmjszy,2024-02-26 19:13:21
pe2n64,2024-01-25 07:52:29
vklpq6,2024-08-25 17:59:55
obb5dw,2023-10-02 00:41:29
elz7nk,2024-06-09 02:38:32
yx7mij,2024-09-11 10:35:44
wcvr6t,2024-03-09 16:44:11
8fpymd,2023-12-11 00:06:19
qt787l,2024-05-19 12:26:36
6h07wq,2023-11-24 09:21:35
xphhip,2023-11-12 09:46:07
qzuh2p,2024-05-05 21:06:24
8r8tgc,2024-01-17 13:15:25
m745gw,2023-11-06 22:56:05
xhw1bb,2023-11-01 18:38:39
2j40ck,2024-06-16 11:41:12
u2bng7,2024-03-28 01:43:54
mkgimq,2024-02-18 00:57:59
sngn8k,2024-02-21 14:00:22
i91sb7,2024-01-15 16:13:13
lmcmvo,2023-12-09 04:43:31
q7vwwm,2024-04-26 01:35:39
ujvgl0,2023-11-25 13:52:57
n1b8kz,2024-08-01 11:29:09
ovxi04,2024-03-01 13:42:54
xvz10p,2023-12-16 02:53:07
r55mtd,2024-01-03 03:28:42
e1hrei,2023-11-13 03:31:21
ygxd26,2023-12-10 08:09:49
i2osha,2024-08-06 07:04:57
k2a64m,2024-06-23 19:38:38
2z1eut,2024-01-12 18:01:35
z25xci,2024-09-05 11:45:46
optmun,2024-08-22 07:57:55
69evl7,2024-04-14 22:44:57
x4bbeg,2024-09-10 19:16:35
e44hw5,2024-04-05 06:38:00
od22ak,2024-01-11 18:23:13
xmzq8k,2023-10-12 07:21:57
i7iirp,2024-09-01 08:37:29
shj4sv,2024-03-30 11:41:40
7thx5e,2024-02-03 19:13:45
iktubo,2023-12-11 02:07:05
leh6um,2023-12-11 09:58:54
0mz86x,2024-03-06 16:04:43
9rnum1,2023-12-22 01:23:17
h4vffx,2024-05-22 15:02:32
dp44cn,2024-07-05 18:41:14
f90yb3,2024-08-12 12:06:41
3q0lvk,2024-05-22 15:57:23
lcn9zm,2023-12-11 20:03:55
zqj2cz,2024-06-05 04:46:50
lwv55z,2024-08-08 03:42:52
egf3gq,2024-05-29 21:51:15
xp64qj,2024-06-24 16:05:37
svej6h,2024-04-11 13:22:41
co6eff,2024-03-18 14:20:27
m5h46i,2024-03-23 21:25:38
ziv1fm,2024-08-21 10:53:37
c2rcbv,2024-02-29 13:59:57
v15vpb,2024-06-20 03:25:28
1sqe2m,2024-07-17 04:58:25
kturrj,2024-09-23 22:57:30
3mp90j,2024-04-04 18:02:29
h96yei,2023-10-19 03:09:24
8tqdt2,2024-03-31 14:05:38
wlddh1,2024-05-07 08:59:39
es1181,2024-06-16 19:53:09
58wdd2,2023-11-18 22:29:35
ls9843,2023-11-13 14:19:42
pzb6mn,2024-09-14 01:37:51
6qh2d5,2023-11-13 07:29:07
dwn4zk,2024-05-04 17:30:54
ojecpn,2024-06-15 05:23:04
aopius,2024-07-31 16:11:01
sorkun,2024-01-01 10:53:52
wxp4v5,2023-11-06 02:32:25
im2ejv,2024-08-29 12:41:07
tvoppt,2024-07-03 12:53:59
z0a9o5,2024-04-27 00:00:23
kzzzse,2024-01-08 15:06:35
xos2qb,2024-09-11 14:26:59
ez8h6w,2024-03-22 08:40:25
e0901a,2024-05-16 02:29:24
ajcugw,2024-07-25 08:39:10
8i98xx,2024-03-28 18:39:31
j67sbd,2024-08-01 11:32:16
bz9gcu,2024-02-13 12:43:32
swt37f,2024-03-14 04:02:53
eeby5m,2023-12-10 06:55:59
mykat3,2024-07-22 11:17:15
6i0mi6,2024-05-30 10:27:36
pleki3,2023-12-13 21:23:59
hn27cv,2024-08-16 20:00:40
8w4skb,2024-05-16 15:13:46
tkcgf9,2024-05-25 05:44:03
yyk1fv,2024-08-28 09:14:51
5t6ene,2024-05-28 16:12:58
v06w3p,2023-12-30 13:34:05
wnb2q5,2024-07-04 17:04:36
fp2s9k,2024-05-29 07:29:42
xresmx,2024-07-13 22:15:42
0gtnu8,2024-04-19 22:55:10
9c2jbd,2024-02-06 03:45:21
1vgdf2,2024-06-07 04:00:00
c1biqf,2024-06-28 23:05:43
pg6fm4,2024-07-28 12:55:58
t4peqb,2024-07-21 11:24:03
6rwtfe,2023-11-07 09:47:19
s5c7n9,2024-07-17 04:34:40
5owwaf,2023-12-24 03:21:12
59zu3i,2024-03-24 05:58:00
uwt0t6,2024-04-20 17:53:50
9ce6bl,2024-07-26 04:39:30
7cpibn,2023-12-28 01:59:03
0o6vav,2024-01-07 01:53:59
rzc8yn,2024-05-01 02:37:56
bniw0x,2023-12-14 09:03:43
vougf3,2024-01-04 05:46:54
1tu865,2024-03-20 23:39:38
vw0jur,2024-06-06 13:44:21
j48u8g,2024-08-14 14:04:47
ou9xub,2024-05-17 15:19:13
g3jv9t,2024-07-12 09:39:57
t4uwuz,2024-09-09 14:55:56
aibw1h,2024-06-21 09:30:19
gv0l42,2024-08-13 02:14:40
dcoupf,2024-05-16 17:38:45
arkebm,2024-01-01 23:32:46
85o5c9,2024-06-06 18:11:03
qv2dje,2024-07-08 16:40:49
u7xl7d,2024-05-17 01:26:19
nmjnn5,2024-01-21 22:25:21
ffh58x,2024-09-16 15:20:32
tdhk9k,2024-06-11 14:45:34
0y6kpp,2024-03-11 08:58:46
qatb8n,2023-12-05 01:54:55
4mn8g5,2024-05-16 00:44:52
bcxjy2,2024-05-30 23:13:36
460o64,2024-02-22 14:58:31
c3wv5u,2023-11-26 23:00:48
f8h68l,2024-02-11 11:49:25
shq8fv,2024-02-24 12:06:23
xm7zvt,2024-04-03 02:45:50
m1cpi6,2023-12-11 19:18:55
rkly8i,2023-11-16 12:41:42
r1nqj3,2023-11-18 16:06:11
4d4osa,2024-01-31 23:41:36
snho9d,2024-09-04 09:05:33
c9i1ky,2024-05-06 17:28:14
nfd5ml,2024-04-10 04:27:28
9ayefh,2023-10-16 06:58:09
iqqklw,2024-02-20 18:17:06
1z1vuk,2024-03-02 14:29:33
2rs9o5,2024-01-16 06:36:32
2jwcit,2024-04-09 03:53:11
zvchz4,2024-05-20 09:59:22
rwzi8z,2023-10-07 16:46:16
y6hbrw,2023-11-22 17:05:51
9yfbkt,2023-11-18 08:59:12
w08yjr,2024-07-18 16:27:40
f2q0zc,2024-02-09 16:05:46
5vd74o,2024-03-12 03:55:15
sjyjhe,2023-10-29 08:51:36
nb7r17,2024-01-20 22:07:36
zfg0yl,2023-11-05 17:25:42
s6try1,2023-10-27 12:12:13
3650h3,2024-05-05 19:47:43
lz9pya,2024-07-22 08:36:30
mpzb39,2023-12-02 13:14:38
rbyemk,2023-10-06 17:45:48
9zof3x,2024-08-23 17:54:15
8ftk6x,2023-12-07 23:11:01
9pcwtu,2024-02-27 11:25:18
rl4k8m,2024-01-17 16:53:23
vr6b4g,2024-02-26 21:45:06
uwc9w8,2024-09-30 08:18:16
opu0k7,2023-10-09 08:14:03
sa22yp,2024-08-02 04:06:09
wmdy1g,2024-09-27 10:29:21
nzpo5c,2024-04-21 22:30:55
rzzqqh,2024-06-19 18:21:16
468gnm,2023-11-01 22:42:28
vqmh47,2023-12-05 13:38:13
krhatm,2024-04-01 02:53:51
u5kvyo,2024-09-09 15:44:31
xma26s,2024-04-01 22:12:19
jd9tfi,2024-04-15 05:41:49
itgd0j,2024-01-05 13:33:04
sng0zg,2024-05-17 11:35:19
d5yw61,2024-08-15 21:05:25
dgsfn1,2024-06-14 14:19:36
wxrd4g,2024-04-11 02:16:11
vfep7g,2024-10-02 20:56:21
iinv2l,2024-02-05 08:08:41
2f5eya,2024-04-14 09:58:29
958mxk,2024-06-30 14:50:36
tb609w,2024-09-08 05:17:07
qp4q0h,2024-03-10 12:12:51
v5p5m9,2024-09-13 01:42:07
n7r2lp,2023-11-04 07:35:24
pt7erx,2023-11-23 02:43:26
j261t2,2024-08-22 12:57:59
mycaa9,2024-09-09 00:21:30
jktf5x,2024-04-16 16:52:59
w6l0sa,2023-12-02 19:41:45
lm40lb,2023-12-20 07:25:24
2zby9x,2024-02-01 19:57:48
iz8tvh,2024-06-12 06:42:27
8ahvcc,2023-10-16 09:21:20
88zu6t,2024-08-31 06:25:23
m536vg,2024-06-18 22:06:26
trgtdm,2024-05-17 08:07:11
7onz6h,2023-12-24 11:18:57
cwsqo9,2024-06-19 21:43:49
98flg4,2024-06-20 17:29:16
vtfazj,2024-02-24 18:38:47
mxricy,2023-11-12 08:33:47
hi4ysy,2024-06-16 03:25:09
hgv4s2,2024-04-24 17:01:18
vlg262,2024-09-05 22:43:09
ily2x2,2024-03-15 07:01:29
srpt1d,2024-07-30 23:48:07
tj54va,2024-07-30 00:02:23
k4v1c3,2024-08-11 11:14:39
wpo1vf,2024-04-09 14:48:22
pcxz8s,2024-05-05 19:14:12
oybiiu,2023-10-31 08:07:21
6qlo1j,2024-03-14 05:15:29
1ukpe5,2024-02-20 17:38:34
ixspmm,2024-06-28 22:56:49
jvosiv,2024-07-18 01:29:03
ypciju,2024-07-01 04:19:24
2pynpc,2024-01-11 22:46:35
o6ic54,2024-06-01 15:22:12
gab6uq,2024-01-06 05:37:37
239c5f,2024-08-27 10:41:15
iea9ep,2023-10-21 10:59:21
aa5x4j,2023-11-29 01:23:55
bfupf2,2024-02-11 16:11:16
zz2z6j,2024-08-18 00:55:38
s4dwcy,2024-02-03 14:20:28
bfea35,2024-04-07 02:34:51
qowfqd,2023-11-25 18:02:22
r1acaz,2024-06-21 14:10:07
i948gx,2024-02-21 06:01:37
99frm2,2023-12-18 18:04:21
jk7ngh,2024-07-05 04:05:58
sop30x,2024-08-18 03:07:32
otzw47,2024-07-22 20:44:19
x06oqv,2024-01-15 11:42:07
hgne8t,2024-08-24 17:54:15
i8xmnm,2024-03-20 17:10:39
drs8hq,2024-01-24 15:34:27
4dlq5o,2023-10-02 18:25:53
lqcumv,2023-12-16 14:16:56
zx0y51,2023-11-01 02:26:08
yqyu6s,2023-11-13 14:30:19
hjq794,2023-12-10 10:16:17
v2kl9l,2024-05-17 14:13:32
pc43ku,2024-09-14 05:08:31
u36etj,2024-01-19 20:51:38
5qr3mw,2023-10-08 22:59:48
vhqo02,2024-02-03 12:57:05
hl56o0,2024-07-13 03:00:53
bfje0d,2024-07-10 11:30:59
s0o52t,2024-07-26 09:28:31
2cnlam,2024-03-21 12:39:43
jf0m66,2024-09-01 19:36:54
5h9o8f,2023-11-20 19:34:55
70ouq7,2024-03-16 13:32:30
cdsgmv,2023-12-28 03:50:15
vnw0zu,2024-02-04 13:52:06
uayeup,2023-10-09 18:00:58
a69fq2,2023-11-29 09:59:45
51u84p,2024-08-30 22:46:43
bv6qxl,2024-02-27 17:41:36
fcwvo1,2024-04-15 02:24:26
r6b2lm,2024-02-12 18:20:35
kn6zxj,2023-10-14 10:50:33
6bjqr4,2023-12-02 01:59:07
3rjbu9,2024-04-15 12:40:42
3rt3c6,2024-07-19 21:49:39
a4yqnr,2024-04-06 02:30:25
t35poj,2024-05-05 11:22:05
cx4dhx,2023-11-15 07:32:47
habr3y,2024-03-21 11:11:39
jb6h0k,2023-10-02 10:48:59
6gu8o5,2024-05-29 09:30:51
kxr2q7,2024-04-08 10:10:00
8o341q,2024-07-20 21:48:38
rqpuvh,2024-06-11 21:14:06
v9ar1g,2024-09-03 15:56:35
vfjug0,2024-08-30 05:00:10
hip7ke,2024-04-18 00:08:02
9nupz1,2024-03-17 05:17:45
omi58g,2023-10-08 21:51:22
6tzo6r,2024-01-07 07:40:19
ygyv6a,2023-12-07 05:09:10
kkhfrs,2023-11-09 02:40:33
sk2a7s,2024-06-16 12:27:09
b5rqfu,2024-06-17 05:21:21
6mvr67,2024-06-05 08:12:25
5kjwwt,2023-11-05 05:17:53
m5gizy,2024-01-13 20:53:43
bpbdqw,2024-01-23 23:32:38
gbybb8,2023-10-18 03:34:17
quvpb1,2024-02-15 04:16:14
q2ag5h,2024-09-01 17:36:07
05l8x5,2024-07-06 22:51:33
2nzp83,2024-07-19 04:58:47
2ynoex,2024-05-18 18:59:55
20sg7j,2024-02-01 06:47:26
6krogw,2024-09-02 10:00:47
83jiwb,2024-07-27 18:58:03
3eoicw,2023-12-21 13:36:31
n22eub,2024-06-23 20:39:51
9f42yy,2024-01-03 01:37:22
lym5ji,2023-12-01 19:21:16
a4c9p1,2024-06-03 15:08:02
w95p6z,2023-11-28 16:10:35
rs6zze,2024-02-24 16:41:27
pc1n3b,2024-06-10 22:12:06
by7l1q,2024-08-16 12:04:23
fxs6pf,2023-11-10 19:50:57
x0h5jv,2023-10-19 14:13:40
036z7p,2024-04-07 16:01:38
i76l0h,2023-12-04 23:01:59
po1orc,2024-02-22 07:24:13
0zqe4h,2023-10-16 15:15:20
g7zeup,2024-07-26 09:47:00
a74t5m,2024-09-16 22:03:06
7ueoxo,2024-06-25 05:30:56
t31jvp,2023-11-12 16:07:58
b583fn,2024-02-10 01:27:31
puwmwr,2024-01-10 19:32:39
zbruen,2023-12-04 13:36:23
3ggz4c,2023-10-19 03:14:22
f70rmw,2023-11-22 08:15:16
h8b1vj,2024-03-27 07:16:08
xxwgzb,2024-07-25 21:40:16
grtf5t,2023-10-18 20:32:33
73er34,2024-04-24 05:04:56
f3vf62,2024-10-02 10:24:11
3iwu9j,2024-01-24 16:50:07
jcojmd,2024-03-17 05:04:15
jly8ug,2024-01-01 04:06:44
pyf309,2023-11-13 13:10:57
d69oa3,2024-07-13 15:54:51
r0hx74,2024-07-11 20:14:58
wnpyx9,2023-12-03 18:17:08
2gaion,2023-11-04 18:20:13
cuuqze,2024-06-22 06:06:07
9a7aw6,2024-05-01 16:18:28
eh5mkn,2023-12-21 13:39:32
gy0btu,2024-03-27 22:20:54
gp8as5,2024-07-13 23:34:47
ig9yji,2024-04-17 19:11:32
ns03jn,2024-04-01 09:38:49
gxn5jf,2024-04-17 02:59:49
jwg9ud,2024-06-30 15:24:29
bqnvyf,2024-07-31 11:59:28
qlry9g,2024-05-28 00:59:25
sme30q,2023-12-08 03:45:12
gnookx,2024-08-24 13:37:14
527kax,2024-06-13 00:01:44
ac9872,2023-11-07 17:22:08
8b5mze,2024-02-21 15:36:31
oc4klt,2024-06-05 04:06:23
ulvai6,2024-10-04 11:30:16
k7kja0,2024-05-27 09:26:26
kknk2o,2023-10-23 09:41:57
plppju,2024-06-10 09:08:30
vs0g8n,2024-10-04 16:42:53
ws9d82,2024-04-25 22:44:09
tc6j5k,2023-10-13 16:19:48
d5hnbp,2024-01-29 17:36:51
s28htw,2023-11-10 13:07:47
3iyrp8,2023-12-08 16:18:52
zhpqhj,2023-11-20 23:01:14
s2t1lw,2024-09-20 14:07:35
z77thq,2024-03-30 03:38:36
ucgpg9,2024-09-19 15:53:13
7lkar6,2024-09-11 09:57:43
271u2n,2024-03-26 09:08:47
hluuqb,2023-12-21 22:30:05
usphyj,2024-03-29 08:23:23
8k8clu,2024-07-07 15:17:52
u7nkjp,2024-05-05 02:30:37
bpm1cm,2024-06-06 22:22:31
dxk0lc,2023-11-06 05:27:06
x7d2s3,2024-07-20 14:55:54
p7v7sn,2023-11-20 07:46:45
b5e1q0,2023-11-23 19:00:19
hn0a1o,2023-11-23 20:04:52
nktt1u,2023-10-28 12:24:54
qfouqi,2024-07-08 07:33:39
c0o1vv,2023-12-11 14:20:22
47jdl2,2024-05-21 11:00:26
s5phar,2023-12-18 02:47:07
8z54si,2024-04-29 22:46:16
5l5uqd,2023-10-03 05:07:54
g5le3r,2024-05-14 14:18:08
q6jy4k,2023-12-15 21:59:38
6p62gl,2024-06-29 08:07:09
wcqwv8,2023-12-02 02:37:14
a8m8ad,2023-10-18 00:52:14
yqnck2,2024-05-19 18:32:56
0byb5m,2024-03-10 04:38:17
00bbbd,2024-09-29 13:18:18
j8j0in,2024-01-12 22:22:38
mwr669,2024-04-30 06:09:39
okt32y,2024-04-11 08:39:15
6t09q5,2023-12-03 13:25:20
eavf4e,2023-12-14 02:30:59
p2sh6r,2024-05-03 07:23:51
ihk9wx,2023-10-06 09:27:58
rz0ln8,2024-02-25 06:54:00
19zdka,2023-12-22 03:48:41
0m25mb,2023-11-14 22:45:41
uat41v,2024-04-08 04:00:40
mpnzkl,2024-06-16 09:19:13
fh4pm0,2024-06-13 06:22:19
03ldtr,2024-01-06 03:38:13
fax7kk,2024-03-26 03:10:50
xz6hxg,2024-09-21 22:12:51
ehdfye,2024-06-19 14:24:39
scd8ir,2024-01-20 01:04:48
3uevvg,2023-12-01 11:27:35
ueq4tj,2023-11-06 00:30:51
orewdq,2024-08-09 17:58:37
pu031r,2024-07-19 10:34:49
2zpd3e,2023-12-22 22:59:10
u6z578,2023-11-30 13:16:50
a8i3rp,2024-02-28 04:58:03
un0uwg,2023-10-22 23:46:41
begk7s,2023-11-03 14:22:15
6bdu88,2024-09-07 00:45:15
bxb7bs,2023-10-15 03:10:38
4mwpeq,2024-01-22 13:35:25
rjdqnx,2024-06-05 00:54:49
51wwkj,2024-06-28 15:21:56
6k20en,2024-04-27 04:07:47
g1kg92,2024-08-28 04:18:42
g0wr9t,2024-06-02 03:53:50
8pebzs,2024-07-05 06:57:35
6vt7z3,2024-08-15 01:03:03
bb5w6r,2024-07-03 15:01:12
hr2ixs,2024-03-08 09:08:24
lnlb9q,2024-08-07 11:03:22
2wlzpv,2024-03-01 05:45:07
h210rs,2024-07-30 16:38:58
w4x172,2024-04-06 15:39:11
by0n7t,2024-01-07 21:33:52
53bevn,2024-01-28 23:18:25
9x9rzx,2024-08-16 21:53:33
7lgtna,2024-04-06 18:57:02
5fdtuw,2024-01-12 11:34:23
0qu3i7,2024-06-24 11:41:12
oyp3zm,2024-09-05 09:38:45
ca0sos,2024-04-14 23:07:05
zzavl9,2024-06-30 17:00:37
u4fa5p,2023-12-25 05:45:19
opg28g,2024-05-24 12:33:05
cesyae,2024-02-15 05:16:48
bzbfhj,2024-09-02 08:56:47
4ejfbe,2023-12-16 23:04:16
773978,2024-02-03 02:15:34
019n8e,2024-01-30 08:06:54
c5pauh,2024-02-05 21:23:21
jgv2p5,2024-02-03 13:45:43
v91f18,2024-03-21 02:16:09
styprr,2024-09-01 16:54:52
7kb9fv,2024-04-28 03:08:36
k0vppv,2024-02-11 06:04:03
yntfu9,2024-02-05 08:33:21
m7xx0g,2024-07-14 02:14:16
a5y9tc,2024-09-12 21:33:21
7vzwmw,2024-02-14 08:53:51
46p2dx,2024-07-06 05:32:32
oft10j,2024-05-20 20:02:17
bbujii,2024-07-25 13:05:31
azdqir,2024-06-23 04:13:15
qqqfy7,2024-04-02 10:53:13
zzvm3y,2024-05-11 12:32:34
m61ik0,2023-10-23 09:33:44
v2g26x,2023-12-22 17:43:42
ebyv47,2024-03-01 11:27:10
6h2n8x,2024-04-08 00:31:16
qthnpq,2024-09-10 04:16:37
js72nz,2024-01-13 10:58:42
bso436,2023-11-11 10:23:59
o7lrn8,2023-12-13 16:39:24
a4dsh0,2024-02-01 13:45:44
1uyhm5,2024-03-30 19:40:27
xbr1vl,2024-01-05 08:00:59
hjrk5g,2024-07-28 04:03:10
nkien0,2024-02-15 13:17:00
w05m89,2024-02-14 19:52:34
6n5gs5,2024-05-26 20:00:56
f24gll,2024-02-12 02:20:30
zqy8ga,2024-04-08 14:40:47
8dp6l3,2024-08-10 14:57:38
nff8w5,2023-11-13 03:40:48
lic49s,2024-03-20 18:24:46
59lewe,2024-02-28 11:59:30
xfgsde,2024-03-14 08:11:52
x60ie4,2024-03-23 01:54:32
h2d0mw,2024-03-09 09:55:44
y3b9dt,2024-02-15 22:33:44
1ny9y6,2024-09-08 19:34:05
dvaufa,2024-09-10 10:08:26
qvn9lw,2024-09-15 17:20:54
gphxn0,2024-02-17 23:11:18
0xfkvb,2024-05-05 03:07:02
4s7sux,2024-04-19 14:49:47
ajybvt,2024-03-13 03:48:49
ld3g6g,2024-09-30 04:20:51
bpyxd2,2023-11-13 11:40:39
b9yjj2,2024-01-11 10:03:08
wxjybr,2024-01-20 02:58:43
zoboy3,2024-06-04 11:57:41
tjfa1o,2024-01-19 23:52:57
vhs041,2024-09-02 04:36:23
ks3d10,2024-06-19 13:14:05
68ok2p,2024-06-06 01:13:38
5llaub,2024-08-18 18:22:27
8h30jp,2024-02-24 18:41:32
8b8vgv,2024-03-20 08:51:22
qptrq5,2024-08-20 21:33:15
n2nzye,2024-03-21 23:16:54
57qhhq,2023-12-25 08:49:08
lg7re6,2024-05-14 17:58:29
lm5hhp,2023-12-23 00:17:29
80ad88,2024-06-06 10:02:29
umsv2v,2024-04-02 11:26:16
pl76o6,2024-07-14 17:52:03
fuget3,2024-05-07 03:58:29
igggi5,2024-02-25 19:59:53
e15kvw,2023-12-02 05:33:48
icpizl,2024-06-01 16:00:39
e9nlub,2024-08-26 11:16:31
581qbs,2023-11-28 21:17:18
9d8tty,2024-03-19 07:39:32
bkcb1r,2024-09-03 13:59:33
ft9jj3,2023-11-19 07:17:53
dbzjcx,2024-03-30 16:01:39
h6edzc,2024-07-16 16:40:21
5oaskl,2024-03-30 01:33:16
t6qagj,2024-06-16 21:55:44
ljwexh,2024-03-03 16:01:54
h58naw,2024-05-06 01:21:18
mkog5h,2024-03-30 05:40:20
381ue5,2024-02-11 10:14:24
l7px23,2023-10-25 03:59:33
5ge02e,2024-06-05 02:04:01
jiq476,2024-03-04 09:11:32
sgw24u,2023-10-06 00:30:24
buub5w,2023-12-11 13:35:13
6xbuzd,2024-02-05 08:35:00
750ycs,2024-09-28 06:04:58
scu358,2024-05-07 12:52:57
plagej,2024-10-02 06:27:19
v99q2p,2024-01-09 02:40:59
qi3r9h,2024-04-12 14:31:28
a7i7sy,2024-07-02 03:36:56
wltqf1,2023-11-27 19:13:38
42ddqp,2023-12-24 18:43:26
8nwads,2024-01-22 21:17:37
7wg2jx,2024-04-30 14:58:42
j76odq,2023-11-12 03:51:56
v7n11t,2024-03-20 02:44:30
vws6pk,2024-02-07 08:39:41
mu423c,2024-06-22 10:23:14
4aoxz4,2023-11-27 15:08:07
98j5e3,2024-03-09 14:03:00
jehl0k,2024-05-12 12:05:30
mraqyf,2024-07-10 14:06:32
46uanx,2024-08-25 02:06:20
u8vx8e,2024-05-03 20:11:00
1ecoyr,2023-10-29 20:59:13
qixsgt,2024-05-31 20:12:58
siyli8,2024-03-24 18:31:55
v47t7i,2023-12-20 21:37:39
vaenqc,2024-08-28 19:27:35
vf3tu5,2024-07-24 05:35:48
rkikad,2024-08-04 11:41:53
2yuany,2024-02-26 00:44:59
85wezk,2024-08-15 07:26:30
nu8ti9,2024-08-13 20:19:58
s2zniq,2024-02-08 11:26:25
5s2pj5,2023-10-20 06:51:32
0wdfg2,2024-04-02 18:40:31
z073zd,2024-04-22 16:43:25
kpmvw5,2024-06-29 08:22:02
mr3h6x,2024-05-04 03:46:20
6jd62w,2023-11-01 11:50:14
tnk2bv,2024-03-30 11:41:22
toh5xz,2024-02-23 13:07:13
1ilt7m,2024-06-16 02:49:40
qz5kjt,2024-05-19 12:29:27
178xva,2024-02-03 14:54:50
qmhvn1,2024-06-19 14:00:29
ra84lw,2024-06-16 21:16:37
r100p6,2024-06-20 09:54:17
jcmu8z,2024-01-07 12:58:08
spg829,2024-01-31 11:08:08
89tkpy,2024-08-29 10:57:48
mv1lyr,2023-12-20 21:10:18
8hou1x,2024-06-13 02:51:38
14pb4h,2024-06-06 10:43:36
hohmi2,2024-01-12 02:30:49
2zftv0,2024-01-07 09:12:18
gvg6ee,2023-11-11 02:57:13
h6dxgx,2023-12-23 08:23:37
1flny5,2024-08-15 13:34:12
ru5zp6,2024-01-21 05:48:56
vbu19y,2024-02-03 05:31:10
o0kinp,2024-07-07 18:16:53
wnachy,2023-11-30 02:13:37
gckbd3,2023-12-11 00:30:10
7vsf90,2023-10-07 06:33:15
gs72j4,2024-05-21 20:52:19
3qw1im,2023-10-09 07:44:02
h8hkd3,2023-12-11 17:30:09
7kdtw8,2023-11-08 19:53:18
rpyvvq,2023-12-20 01:14:12
eb5wgc,2024-08-25 13:03:26
ryb414,2023-11-18 06:06:22
fy0nh1,2024-03-27 10:45:30
ideseq,2024-09-25 08:30:51
hvrx4f,2024-03-27 04:45:35
6caqrp,2023-10-28 16:30:56
h31ing,2024-10-03 15:21:13
8aakh5,2023-12-21 00:53:30
k8lsif,2023-10-18 02:25:06
3gyhcr,2024-04-30 17:33:35
ydcuyz,2023-12-31 20:08:21
mg1r15,2024-07-06 12:55:16
w9zpjm,2024-05-04 03:49:50
9t1e44,2024-04-10 09:25:20
z7fznp,2024-04-03 09:15:18
tjpyep,2024-09-10 13:20:37
grqn2c,2024-03-31 19:08:04
r59e4n,2023-10-18 22:04:41
l9bcpc,2024-02-13 14:26:33
uv79pb,2024-01-13 22:39:01
qlkds7,2024-02-01 12:42:45
xi93zi,2023-12-25 23:03:12
c83v8e,2023-11-29 23:20:55
gm3w3j,2024-05-29 10:14:01
cdo7dz,2024-07-05 06:20:24
4ysebo,2024-05-17 20:59:21
smnewm,2024-07-15 20:08:19
8e71oi,2024-02-01 05:42:35
ctxckp,2023-10-18 13:18:23
1yqyn6,2024-01-29 18:50:09
1ne1mi,2024-08-12 22:32:17
gfv1on,2024-01-13 20:09:43
7bjfiz,2023-11-11 18:44:00
a89ftt,2023-10-08 08:22:23
9j8xvu,2023-11-15 18:48:51
hv5jm1,2024-06-08 15:01:52
7436et,2024-03-21 18:17:18
kovcum,2024-02-28 12:19:53
479gub,2024-03-06 10:08:16
ihklum,2024-04-10 16:03:03
8irbug,2024-09-29 20:01:39
7mbigr,2024-03-06 10:35:28
ag2uf6,2023-12-14 13:50:14
2hw85a,2023-10-15 12:02:25
mnp79d,2024-06-29 22:09:14
t8qms0,2023-11-14 22:58:00
ocbvjs,2024-01-22 12:10:18
gsygv0,2024-03-12 16:15:06
l8fozn,2023-10-11 03:59:34
oqlpry,2024-04-09 05:56:55
4dvn98,2024-09-20 03:57:21
md122e,2024-04-24 01:01:11
c4udef,2024-03-13 22:30:42
zmckar,2023-10-23 06:51:06
ye2jgt,2024-07-14 21:56:30
9pbcf1,2023-11-07 19:42:05
troj76,2024-08-01 08:04:45
1fv9hc,2024-03-18 03:17:43
kjur8u,2023-12-13 20:50:56
chtb53,2024-02-26 08:19:45
fht6wh,2024-05-12 14:06:27
e4sg4a,2024-04-08 10:55:49
e10le2,2024-02-22 21:10:47
q8ixak,2023-10-01 23:57:37
owm1ld,2024-07-26 12:53:36
vqokjl,2024-05-29 20:11:11
2lybzx,2023-10-12 12:31:57
eneyud,2023-10-03 02:28:42
m3xz96,2024-06-24 10:00:27
qnk04j,2024-07-08 21:34:53
tl2uec,2024-08-07 00:14:09
njf62r,2024-05-09 03:23:57
pizjga,2024-07-20 07:02:42
nq8vj6,2024-06-27 03:10:39
z1xwgs,2024-09-24 11:16:52
nuvyhs,2023-10-03 03:53:38
ouuns4,2024-03-07 12:49:47
qy5jwt,2024-02-24 10:36:41
6khpb1,2024-06-15 18:35:58
524ixt,2023-10-07 17:47:36
xxqa0p,2024-06-16 01:04:45
nfzoov,2024-07-07 01:32:20
kbzjq9,2024-03-18 19:45:04
7p66c0,2024-07-02 11:22:40
emkvp8,2024-08-09 20:33:11
56l41e,2024-02-11 08:48:07
je90v4,2024-06-23 06:49:16
hkygky,2024-05-13 11:02:26
4apc1c,2023-11-19 11:22:52
8pxagw,2024-06-18 18:03:18
wsbpn9,2023-11-11 02:04:08
ms8ugj,2024-02-19 01:05:13
y4hb40,2024-08-01 08:39:37
v5fjkb,2024-06-02 11:50:22
8pkxms,2023-10-26 13:00:23
1zlovt,2024-05-15 21:52:50
zrwaie,2023-10-21 18:32:33
yyp74q,2024-02-06 09:58:54
mel0av,2024-05-12 00:20:00
q8y01u,2024-07-21 12:47:24
c4gvru,2023-10-03 05:47:19
g07au0,2024-06-26 01:25:15
cnrfvn,2023-12-02 17:01:52
xm9w0b,2024-05-24 15:46:04
7fob1e,2024-06-30 11:28:46
4eddaw,2024-02-25 20:23:02
yw7fim,2024-09-23 01:11:47
4x2sr5,2024-03-16 09:51:22
2ef8qv,2024-09-23 13:11:25
gdoynr,2024-04-25 12:26:29
47zwr4,2024-07-22 02:40:56
cfsiqz,2024-01-26 00:45:40
0g1xyo,2024-03-04 16:59:14
abx9v9,2024-04-20 19:56:08
4190ji,2024-04-03 07:38:23
373kvd,2024-02-27 16:09:45
h47xl6,2024-07-17 09:37:21
itvg3o,2024-08-04 13:22:22
udq0bf,2023-11-15 01:34:11
umhp6s,2024-04-21 02:21:19
5am1q0,2024-06-20 18:52:24
fuj96g,2023-10-12 21:15:32
kg4fv8,2024-02-28 04:13:47
wsda03,2024-01-26 18:14:15
a81ss8,2024-05-14 01:34:03
hatxwk,2024-07-04 19:14:26
xoqzid,2024-05-27 00:50:43
x4yuil,2023-10-05 17:25:57
x5qrlu,2024-03-20 10:35:09
czizbr,2024-02-17 07:20:02
lwebh1,2024-02-23 21:10:35
rqvysm,2024-04-30 21:42:41
lhqfkh,2024-04-20 06:03:59
b6pisu,2023-11-21 16:23:44
1gven5,2024-06-27 00:47:00
iboylc,2023-12-13 00:23:47
uw87ng,2024-04-08 10:34:40
1bcp92,2024-08-23 11:02:59
6nc82k,2024-01-11 01:05:50
7v0vsg,2024-02-03 16:30:34
heiwb1,2023-12-11 14:24:39
p3cylq,2024-04-28 15:02:12
ff3tpx,2023-12-12 00:57:48
ana9ih,2024-03-05 11:32:01
aeobuo,2024-08-09 03:00:09
uqhw2l,2024-08-13 05:37:54
xx8w44,2024-02-04 07:28:33
te689r,2024-04-17 15:17:35
fqljt2,2023-12-28 04:26:29
4dhmsp,2023-12-31 08:21:05
90hodz,2024-03-15 09:58:20
p0wykz,2024-03-09 21:56:32
bk5hzu,2023-10-22 13:48:37
oq3olf,2024-04-17 00:46:13
1kur19,2023-12-12 12:48:08
z6ebs5,2024-05-10 01:45:32
27lwzj,2024-08-27 14:14:28
iryv8i,2024-04-17 09:02:11
q5gulh,2023-11-16 11:16:50
5hiszx,2024-09-22 02:19:13
nito7l,2024-04-18 14:53:43
930auz,2024-03-10 20:36:24
rww4nb,2024-08-15 19:24:58
buknpn,2024-09-11 22:08:22
ejq46r,2024-04-23 18:56:50
c5d8qj,2024-08-21 00:50:11
f60v4j,2024-07-25 20:38:27
367way,2024-07-16 15:18:03
6kjve4,2024-08-01 21:22:19
m66qq2,2024-02-25 09:31:19
5e8553,2024-04-06 17:06:48
aex3c3,2024-01-16 23:53:06
3vcmuz,2024-04-18 07:00:39
til365,2024-04-18 16:19:15
2fkyph,2024-08-19 01:30:23
3fnlbz,2024-09-06 13:08:51
37eg86,2023-10-18 10:53:36
bud2pq,2023-12-10 17:30:05
qb2dlh,2024-03-25 04:09:01
7kn090,2024-09-20 12:54:11
b6vlti,2024-08-06 08:31:47
0o5vy3,2023-11-16 22:22:18
rqrvru,2024-05-24 06:02:17
o35bwv,2024-02-29 19:45:12
jo7v71,2024-04-16 22:49:36
6l8tdq,2024-06-02 22:21:46
qcb66s,2024-01-26 07:11:38
flnl50,2024-04-23 23:59:48
l9g88e,2024-03-30 06:00:25
polbkm,2024-06-02 05:20:21
4xe82g,2023-11-20 00:34:18
b2spj5,2024-06-30 06:20:04
pkjbuy,2024-07-25 22:38:13
38bf83,2024-04-18 02:46:38
1grjx0,2024-08-19 18:21:41
6cx384,2024-07-16 00:22:03
1mqema,2024-06-12 11:00:46
9hj9i6,2024-07-06 11:20:39
ffkgu7,2024-01-01 04:27:50
31yw4f,2024-06-06 14:00:11
jemgo0,2024-02-02 00:44:28
neh6v3,2024-09-12 19:16:19
sgv24b,2024-05-19 00:31:06
ehcy6p,2024-02-04 00:50:21
0wq594,2024-05-22 05:46:52
1ctgrr,2024-03-02 14:46:00
ber54w,2024-06-25 14:23:08
4djphc,2023-12-22 09:25:07
2c5hrz,2024-05-22 14:25:13
bvs71y,2024-07-19 04:41:33
cb9jyj,2024-01-02 18:15:03
cesu3b,2024-06-22 01:38:21
8tihgz,2024-03-01 16:03:51
omkohl,2024-03-01 07:04:17
4x4c9b,2024-01-10 06:15:53
ist9h9,2024-06-28 14:03:36
2lw7j6,2023-12-19 18:36:21
ptkun9,2024-08-28 23:28:36
zjv941,2023-12-11 12:30:14
8dxad2,2024-01-09 16:40:11
ges064,2023-11-26 07:51:58
nkciua,2024-04-05 07:25:22
3bl76u,2024-04-30 10:59:47
zh2aoe,2023-12-15 13:40:02
vh907h,2023-10-25 19:10:01
kwwimz,2024-09-10 00:23:27
v3gae5,2024-05-02 03:19:33
8v0jxw,2024-03-20 16:45:08
tyyeat,2024-02-26 19:18:24
8z22oo,2024-06-09 04:59:09
9pzp3k,2024-02-27 13:17:19
ti1pe4,2024-07-30 21:54:49
9k5o6h,2024-07-13 18:49:46
x9u38d,2024-06-22 22:07:04
j2kiyx,2024-03-06 18:10:29
mox3vs,2024-06-14 02:29:38
x5wjlb,2024-08-05 02:41:33
d7p8ko,2024-01-21 04:35:30
bian7d,2024-05-21 12:45:48
k5vlw5,2024-05-07 21:29:33
qlkrux,2024-08-15 22:53:52
119xy8,2023-11-14 23:49:03
pcfp2e,2024-05-12 23:30:40
ilndie,2023-12-28 15:03:30
0wdetq,2024-03-07 15:04:36
7youuu,2024-06-15 13:03:55
fstdzu,2023-10-08 03:11:27
xtn4j9,2024-07-13 11:19:48
5a0a0j,2024-06-30 02:54:33
d1k0b1,2024-06-07 07:29:29
2iec5k,2024-06-23 14:29:27
a97pj0,2023-10-15 06:27:40
1ttt45,2024-07-11 09:44:12
ulsau1,2024-07-03 14:37:06
wkxs6q,2023-11-15 06:10:30
wu2ior,2023-10-12 18:00:14
fb0f7b,2024-09-12 05:25:00
z65gpv,2023-12-14 21:35:32
s05zy3,2023-12-19 16:28:41
xm7kt9,2023-10-12 19:35:25
gfbz0i,2024-03-19 20:20:11
j1kc5t,2023-11-01 18:48:33
gbd9uy,2024-03-01 08:48:05
2299gd,2024-07-17 21:50:41
rmbfh9,2023-11-12 22:14:21
xee99a,2024-09-20 04:07:40
tz4r2m,2024-05-10 01:39:59
dzh4pt,2024-07-14 07:53:51
zas1jh,2024-05-31 11:32:11
e35777,2024-03-12 15:17:43
c33kn5,2024-03-06 15:59:39
kpljk5,2023-10-05 08:48:23
v561b7,2024-07-06 18:35:00
bm3uah,2024-07-23 20:49:50
enewj7,2024-06-27 12:12:26
7dll48,2024-09-06 02:59:49
2jojp2,2024-08-12 01:06:04
s80i9k,2023-11-10 09:15:25
gs1o6f,2024-02-14 10:03:45
aphx63,2024-05-25 07:02:56
sbgas6,2024-08-14 03:26:26
vffkkc,2024-02-19 09:38:56
ixq4iv,2024-04-13 17:50:54
yw5eq4,2024-01-21 12:27:21
mx1oxx,2024-02-15 05:44:26
sjqx6o,2023-10-30 02:42:06
idke6y,2023-11-05 08:24:15
139p4o,2024-01-27 20:49:06
d38kzl,2024-05-06 00:50:23
7v1f46,2024-01-03 16:19:22
zio0x4,2024-04-05 12:17:12
3oa1k4,2024-09-24 07:06:38
zznmmh,2024-10-03 23:16:52
ztqf1o,2023-10-26 09:25:26
k8xmky,2024-08-06 21:53:43
8c4gkt,2024-05-12 23:29:08
sndoo0,2023-10-20 05:07:31
juyvz7,2024-03-09 16:29:07
2726rw,2023-10-30 09:25:00
h3phq3,2024-03-10 16:48:56
bh5psa,2023-11-28 06:02:46
eezt4i,2024-09-09 12:46:44
ic0m9k,2024-07-10 13:59:49
66cidn,2024-03-22 05:50:17
tj2987,2024-05-30 10:11:32
5apgpu,2023-10-19 11:09:14
ttei8i,2024-08-27 03:46:31
afsxdx,2023-10-20 00:35:16
ryf26m,2023-11-04 11:05:16
85d91q,2024-08-29 14:49:29
5opi30,2024-08-20 15:51:15
cot8cs,2024-03-18 21:06:10
sfn5b6,2024-04-30 09:26:32
57uhcl,2023-12-27 18:06:36
v9v2jn,2023-10-30 05:50:36
ogsm32,2023-10-24 06:05:53
6c272j,2024-07-17 15:47:57
6gq7r0,2023-12-19 17:58:03
600u97,2024-04-09 23:35:07
i40rvf,2024-06-17 23:19:38
octq9v,2024-01-02 01:24:38
3ig90x,2024-01-14 00:29:45
yi5h86,2024-09-13 01:40:26
hw0um0,2024-08-22 09:39:39
lqhee9,2024-02-26 22:08:38
1pxnji,2024-09-02 21:48:46
dadgs7,2024-07-05 11:31:52
qsap32,2024-01-14 19:36:32
lffe5r,2024-09-17 11:19:56
bq3dun,2024-07-06 13:58:52
6u9qfp,2024-09-21 22:46:40
qoht43,2024-01-30 01:32:20
6r8x7h,2024-01-16 07:03:20
xww155,2023-10-03 15:42:20
y56lz8,2024-09-12 10:13:42
k9as3n,2024-05-23 18:25:18
rpw2pv,2024-06-12 03:43:57
7wtkns,2024-07-30 02:33:38
4sdg1g,2024-04-28 10:43:16
xas1fn,2024-08-25 22:14:35
b3cm5b,2024-07-27 04:48:34
8qtbsn,2023-11-20 18:04:28
ykwz7j,2024-04-26 14:43:07
ypa2li,2024-07-08 01:57:00
x02m9f,2024-09-05 11:14:16
n3k0ox,2023-12-28 22:01:08
5j1g2u,2024-05-17 08:55:47
liwt07,2024-07-10 18:15:15
hxaspj,2024-03-22 00:29:43
eimkjt,2024-04-05 21:11:44
i78191,2024-09-19 00:28:25
nxpwof,2024-01-18 17:34:35
hklbzx,2023-12-18 09:40:41
0ljayk,2023-11-20 17:24:59
6csa59,2024-05-25 22:26:45
yl5wz2,2024-04-14 23:21:24
a5uz84,2024-01-24 19:31:56
qbo5go,2023-10-12 04:16:52
woujjp,2024-09-28 15:12:21
00p517,2024-02-25 23:33:25
15tkva,2024-05-10 15:30:14
qbizfh,2024-07-30 18:06:52
x56bu1,2024-04-14 12:47:12
zwvw7c,2023-12-16 06:25:39
otiqqv,2024-06-22 02:40:49
9cslxy,2024-08-20 09:26:39
ka39hc,2023-12-24 08:56:42
1fcwqm,2023-12-26 07:39:01
arsphk,2024-01-18 16:37:08
ry5ejn,2023-11-10 06:05:54
3q81h3,2024-09-07 14:01:25
t2un22,2023-12-28 16:42:17
wd8trp,2023-10-06 03:45:49
rvqx9r,2023-10-22 13:34:18
yzf5j4,2024-01-07 06:16:56
y2nm8o,2024-10-01 20:47:49
7gfieo,2024-04-02 06:09:25
d8944a,2024-08-04 18:39:12
ibe84a,2024-02-06 01:53:29
49iwny,2023-12-05 18:05:27
0e7so7,2023-12-30 20:36:54
c0lsef,2024-09-02 08:52:48
62e1lm,2023-12-07 19:49:50
6jmtqj,2024-09-22 19:47:43
hr2w2r,2024-03-27 22:56:51
t1r5bq,2024-04-25 18:34:21
62yc8o,2023-12-14 04:18:32
4zwfx5,2024-02-04 07:23:07
3rymbb,2024-06-13 13:39:21
bs47m5,2024-02-24 00:01:41
04k2f0,2024-04-15 06:10:07
c6ska9,2023-10-18 03:11:09
utvdgd,2024-08-14 15:27:12
gy5stb,2024-01-29 02:35:01
ku3l19,2024-02-23 20:13:50
i91i0m,2024-03-27 14:31:44
rycwei,2024-09-11 19:11:41
ao212l,2024-05-06 20:11:07
5nv87x,2024-04-20 20:16:45
oryxfp,2023-11-06 01:54:17
rmlgfw,2023-10-24 08:57:17
zz2d86,2024-01-06 16:28:07
hqkktx,2023-12-25 20:07:26
bnz2k5,2024-07-29 13:49:39
6xhmb2,2024-05-04 20:05:15
a4bl0f,2024-09-02 10:45:21
dykr21,2024-08-15 23:54:12
lf542v,2024-01-11 15:48:00
28vz4g,2024-04-27 12:09:13
u0bsox,2024-06-07 13:27:04
4k7xdv,2024-03-08 06:46:02
vato8m,2024-01-03 06:36:47
lq2so3,2023-11-10 02:29:04
hmwhv3,2023-11-30 14:43:50
3rhd8t,2024-07-20 10:02:58
098mad,2024-06-26 04:25:10
yjgbz7,2024-05-25 11:52:44
qqf518,2024-09-16 11:24:25
mzjjxa,2024-03-25 03:52:38
hhmv7l,2024-03-02 11:21:58
95uk0d,2024-09-09 05:40:14
ht38ri,2024-03-14 19:03:43
h570m1,2023-11-08 01:59:33
kzps52,2024-08-08 05:13:32
cscbod,2023-10-10 19:38:39
7y2kqg,2024-03-05 03:32:20
r19y0k,2024-03-03 04:46:12
liqk41,2023-11-30 05:56:21
yssfqp,2024-02-01 00:49:24
1y43ad,2024-06-24 22:22:40
yfttds,2024-07-24 09:05:39
hw80wi,2024-02-11 14:42:42
kcolqr,2024-07-08 11:34:44
bru1it,2024-08-22 01:49:10
vtrb6x,2024-06-24 07:23:26
l7jgrf,2024-07-13 04:19:28
vlooc1,2024-09-05 01:06:46
38ehti,2024-09-17 06:07:12
gfxmx1,2024-05-13 11:34:38
qozn3j,2024-05-19 18:27:50
76looe,2024-03-21 21:01:05
a1v6ec,2024-04-02 20:21:42
fmeafs,2024-08-04 15:49:54
4t41uz,2023-12-13 06:21:19
iouduu,2024-03-19 05:56:49
lg8p9c,2024-03-21 22:04:46
ct6tqz,2023-10-22 17:31:20
i358ym,2024-05-27 22:18:24
sl1jhi,2024-09-30 18:30:24
bwunwk,2024-03-10 17:45:56
xilzjj,2024-06-07 17:28:19
3kvhp3,2024-04-23 20:10:57
ekw6p2,2024-01-17 19:24:32
4vdin0,2024-09-27 14:36:45
qo9jle,2023-10-09 00:14:23
bjw7is,2024-02-22 15:45:05
dc7a38,2024-02-20 08:15:58
wvf4a2,2023-12-08 22:42:54
2or0pz,2024-09-28 12:17:41
5umdw9,2023-12-26 16:59:28
h2yioh,2024-06-14 01:46:51
9rw2hv,2024-05-23 00:02:47
60pt51,2024-01-18 13:44:07
mii3y1,2024-04-16 12:11:10
02ui0a,2023-10-06 04:45:28
rbjju2,2024-09-09 14:02:58
33bcxk,2023-11-19 18:58:41
i9hvq7,2024-09-07 20:08:04
9ju66h,2024-09-21 00:26:16
xe4nou,2023-12-10 08:31:24
0aawqc,2024-07-25 13:12:24
yx6891,2024-03-14 18:40:42
g3q3uc,2024-09-30 10:52:04
mrkl76,2024-06-03 23:07:51
to9si6,2024-04-04 01:39:02
dtbjzd,2023-12-05 23:37:53
z3s9an,2024-07-08 22:18:07
bi3qmt,2024-08-27 00:05:18
ool5rr,2023-11-01 04:20:04
ey39r5,2023-12-24 14:42:20
lnspge,2024-07-16 04:46:20
x6m0tx,2024-03-23 04:33:15
4afk40,2024-10-02 21:46:24
dllfp4,2024-07-14 18:18:17
qpszi9,2024-03-14 21:52:41
auu916,2024-03-25 21:51:26
4kbtru,2024-06-09 02:07:03
49j9as,2024-05-14 16:30:19
2l63b9,2023-11-07 15:50:05
vxjudr,2023-11-24 12:05:58
ysy4z6,2024-08-08 18:39:37
xze0xn,2023-12-14 07:41:28
xphlor,2023-10-21 23:45:46
iquraj,2024-03-29 08:31:23
kyxfaj,2023-10-01 16:07:10
2pxxw4,2024-06-27 03:43:18
241cki,2024-06-08 05:15:28
z9w78c,2024-09-15 15:56:55
j7tlt4,2023-10-12 13:58:24
dkabmi,2023-10-31 23:10:01
u1ayy9,2024-07-10 20:05:26
iu65k0,2024-06-09 01:17:26
gqswkl,2024-09-03 01:07:47
np3165,2024-02-18 00:36:02
lzciel,2024-01-07 08:41:54
r0tyvl,2024-04-12 06:56:10
irwulo,2023-11-08 19:00:56
amyc6l,2023-12-10 19:01:38
ox4h87,2024-05-18 20:18:32
y934sa,2023-11-20 22:36:28
vj6kt6,2024-04-01 09:28:20
mg4r9k,2024-07-27 11:35:47
jt9m6e,2024-08-20 00:11:07
5k8rqr,2024-09-16 08:45:26
0dh4x2,2024-08-24 14:27:12
bw704n,2024-06-02 12:29:56
xwa0om,2024-04-21 08:26:28
59k82v,2024-05-13 16:22:08
kgvmv4,2024-04-08 03:22:42
kh8awj,2023-10-19 01:05:49
hp2nxl,2023-11-15 05:41:14
apfqzq,2023-10-15 21:31:22
penhqv,2024-05-27 13:54:11
eltq81,2024-06-16 00:10:43
pu9rvy,2024-09-14 00:53:19
359q5c,2024-01-11 17:56:16
mxszsp,2023-11-07 07:56:45
d20mu2,2023-12-27 08:26:00
kca5wv,2024-01-03 15:59:02
hrsoav,2024-01-06 18:52:20
jers01,2024-09-18 23:27:21
3wh018,2024-04-23 00:00:36
z8pfpy,2024-04-07 04:37:36
9qv1qk,2024-09-21 15:40:40
ox5sbe,2024-05-17 23:35:18
k1l9ri,2024-01-03 22:07:10
4p6q9d,2024-03-10 07:18:37
imf48g,2024-09-24 22:59:09
vqv4zl,2024-07-30 19:13:05
4kvjxm,2024-08-11 12:32:54
0ohygm,2023-11-26 17:12:55
nd8v4e,2024-08-11 06:58:44
cf8cbs,2024-09-18 18:18:10
qqfmj2,2024-04-05 07:47:29
tiv44b,2023-10-14 00:46:20
08lf3r,2023-11-08 10:54:16
mpewz0,2023-10-24 00:46:52
8ucf3e,2024-09-20 05:43:42
m94220,2024-02-04 19:27:21
coi050,2024-07-17 17:18:25
ujljzq,2023-11-09 11:07:09
s2fhdq,2024-07-18 06:15:26
1n9rm9,2024-07-02 20:51:10
wnb6q4,2023-10-02 16:15:53
uzzv7x,2024-03-06 13:45:36
ijv7t2,2023-11-18 18:50:45
0ifzzm,2023-10-26 18:22:01
ke0g5g,2024-09-25 18:38:45
62xjgn,2024-06-10 02:44:45
hqft8j,2024-10-04 16:21:34
1wla5p,2024-06-23 21:00:02
p0535a,2023-12-12 09:09:09
o01xd8,2024-07-05 06:25:49
de8eyy,2024-05-18 07:06:53
zgmeoo,2024-07-23 02:33:57
nzyjwf,2024-08-17 02:32:03
0ibr1b,2024-05-17 21:52:05
brr0ae,2024-02-19 05:14:50
q7qep1,2023-12-02 00:34:57
iyv330,2024-05-18 22:20:00
fyn8ql,2023-12-02 13:41:41
1k2y1q,2023-11-25 23:23:54
jdv2wf,2024-04-23 18:03:27
of68tf,2023-11-15 22:08:20
u9hm9w,2023-12-04 09:38:33
60ejm8,2024-05-18 19:49:54
6tdjye,2024-08-02 14:59:29
j5f2ba,2024-07-22 22:48:00
hmv5bo,2024-07-28 14:38:09
zzjoz7,2023-11-11 10:47:53
3xr7wb,2024-06-30 10:00:14
62kiil,2023-11-12 18:59:51
z1na2f,2024-09-15 01:51:30
z5jq9c,2023-10-21 05:02:32
t8v36z,2024-09-04 00:46:00
f9g8w0,2024-08-06 10:16:40
z2dp7t,2024-02-17 19:45:57
0v0667,2023-11-16 17:58:54
j7omcy,2024-05-15 10:01:46
c8k8z9,2024-05-26 01:32:17
wzrwuv,2024-07-30 00:32:16
cwi97t,2024-02-29 21:55:07
70gl78,2023-12-16 18:43:14
lpzd8d,2024-09-01 17:34:24
4dhzff,2024-03-24 07:16:13
et3zrw,2024-06-27 02:21:52
fd05dk,2023-11-07 11:18:54
66h8ya,2024-03-15 06:50:14
q5aixu,2023-10-22 17:33:30
3c21aj,2024-01-02 04:41:20
xzayya,2023-12-19 03:23:20
j6u85y,2024-01-16 15:16:57
e5372x,2024-07-05 18:57:30
80geto,2024-06-25 09:02:07
sri6uu,2024-07-27 22:28:25
z62wh1,2024-09-26 22:16:53
de97ab,2023-10-02 09:09:26
1xxd7g,2023-10-05 14:28:06
cvi8ge,2023-10-03 14:13:32
9dzydf,2023-12-02 20:04:52
ioefni,2024-01-27 17:27:57
pkug6n,2024-08-27 23:28:47
mfcpje,2024-08-17 18:53:59
iftzsb,2023-10-10 01:53:54
izziw1,2023-12-11 07:54:58
zpzrs7,2024-01-03 23:09:58
vsotgq,2024-01-16 09:42:39
0sakqs,2023-10-12 12:09:51
s5r8z8,2024-04-26 04:50:21
lfpurl,2023-11-25 04:03:03
6af4qy,2023-12-03 04:21:11
qn6r2i,2024-01-06 23:35:46
3kc8dn,2024-01-24 05:54:58
mm1657,2024-05-21 11:57:21
lm5z86,2024-01-03 22:57:03
bd62dy,2024-04-11 21:45:43
s02jtd,2024-07-12 02:47:46
08z0lm,2024-04-12 04:45:22
xef8ep,2024-07-10 08:58:22
vy7vdm,2024-01-16 19:41:37
irukox,2024-04-07 03:56:38
6d55r4,2024-05-09 17:18:12
f9lwws,2024-03-05 08:28:23
bv499z,2024-06-01 17:02:50
r9lvz9,2023-12-19 21:34:23
iddvta,2023-10-04 23:37:26
ygbto7,2024-09-29 14:25:20
x3iurv,2024-03-04 17:21:34
gfjly1,2024-06-14 16:37:32
pk51k8,2024-01-04 22:45:25
39k4l8,2024-05-20 21:43:52
5gf2bk,2024-02-13 23:33:03
adf59i,2023-11-23 14:18:11
vvi9tg,2024-01-26 00:26:04
7b2n3a,2024-01-15 08:06:39
o4zd86,2024-03-23 01:09:35
hgcw08,2024-01-09 20:16:55
sporqf,2024-02-10 14:58:17
atjwn6,2024-01-03 06:54:01
yja8q3,2024-08-22 09:36:14
akquv5,2023-10-26 21:09:07
2cx3px,2024-03-10 05:38:08
g7ognt,2024-07-05 16:05:47
uslk9b,2024-06-08 03:44:39
05wq1i,2024-03-08 07:17:18
w1hlp1,2023-12-30 22:21:22
2qx0vn,2024-05-01 07:39:59
vlxzrt,2024-08-08 14:03:14
b45or5,2024-09-02 04:09:06
icv8rz,2024-07-07 11:38:15
hfmzh2,2024-03-12 06:08:08
h5qy94,2024-04-10 18:27:18
4e6ihp,2023-10-09 07:21:08
bxkhni,2024-08-12 06:40:17
sb5nq7,2024-02-08 20:05:17
sflddp,2024-01-31 21:07:14
jzxtwp,2024-02-08 12:52:05
q1fnsw,2024-07-18 04:35:37
gjirm4,2023-12-02 15:59:20
i8r0ne,2024-04-06 08:15:54
lcrwy4,2024-01-15 02:59:22
7ar4rp,2023-11-04 10:40:00
gg758e,2023-10-26 06:12:10
p2nz61,2024-04-27 15:27:34
a9oyvn,2024-04-14 23:27:44
74r8er,2023-11-04 23:33:35
q8esim,2024-06-16 07:15:58
qymje3,2024-05-01 11:33:00
79gv28,2024-02-02 07:40:29
0yapm7,2023-12-03 10:01:57
0fe0x9,2024-05-26 10:50:11
7zz7p9,2023-10-11 11:06:23
jujt5o,2023-12-18 04:40:15
l3qf28,2024-08-19 08:42:58
v18hdw,2024-09-19 23:18:51
ofayjm,2024-08-18 22:44:26
j7ug81,2024-07-14 15:57:51
a3h66w,2024-10-04 15:35:37
dr683e,2023-12-21 22:51:25
brwile,2023-12-15 03:27:50
wdqyhm,2024-01-17 06:22:22
y2kq89,2024-04-19 08:25:31
dio6jd,2024-04-01 13:14:47
dtvi04,2023-10-02 00:03:25
t56qbw,2024-02-05 06:33:48
35psgg,2024-09-29 16:51:51
idrx6a,2024-03-11 19:26:43
c30rih,2023-12-11 23:21:54
6qs6fb,2023-12-17 22:33:41
zzbnti,2024-07-11 13:49:00
csh0w0,2024-09-20 16:19:32
qt8rqh,2023-10-04 20:32:17
4ylmcj,2024-07-28 20:06:35
7lhids,2024-03-16 03:25:17
dg0zs6,2024-01-03 17:40:15
sqs518,2023-10-28 07:16:43
x98o60,2023-11-29 12:43:56
javqgl,2024-01-11 22:44:22
p6rteg,2024-02-12 02:10:53
200fie,2024-08-01 07:15:25
4a8kuo,2024-03-22 20:22:09
iawf3a,2023-11-29 05:20:50
62jw03,2024-07-10 13:04:05
bjtgoi,2024-02-11 16:51:32
7g5pd2,2023-10-29 05:01:22
ijb0id,2023-11-22 04:48:56
1brg9v,2024-07-03 19:26:31
njkxhz,2024-08-07 19:01:38
4x7u57,2024-09-15 08:52:50
0xh2gf,2024-09-17 20:32:16
t4ljbz,2024-09-21 21:49:49
znqjo7,2023-11-07 13:56:35
bipan0,2023-11-08 06:43:15
xnktvk,2024-08-07 05:31:22
gdb3zc,2023-12-01 11:43:53
wjrqnj,2024-02-26 15:50:53
c8do8q,2024-09-02 13:34:27
m5dv6r,2024-02-29 09:22:44
72jczn,2024-02-16 13:49:14
kbhx72,2024-03-29 07:50:43
4dqq88,2024-05-14 12:45:54
v6ijf8,2023-12-14 16:02:19
xdhoan,2023-11-09 07:14:56
mo8tvm,2024-01-06 22:09:59
1ycg7o,2024-07-31 16:36:29
l7hjds,2024-07-06 16:59:11
tppfqj,2024-08-30 14:04:43
ydox4a,2023-10-15 10:28:00
e7242r,2023-10-17 10:44:01
90imc6,2024-09-20 07:04:20
ozj559,2024-05-16 04:49:37
zq5tds,2024-03-28 06:09:04
evyflo,2023-12-14 19:43:16
3wlk17,2024-06-20 08:08:50
k2cmpx,2024-06-11 18:59:31
wiazu5,2024-05-17 21:33:28
vkz336,2024-06-11 09:14:13
q9j1qu,2024-08-18 20:59:35
dog432,2023-11-10 14:16:24
nsarot,2023-11-16 18:22:31
ngo322,2024-09-29 17:45:06
s7az6o,2024-09-20 03:41:49
0yj2d8,2024-09-03 04:18:34
vbdx1z,2024-02-04 03:58:09
jhipa4,2024-07-23 13:23:47
bkohyo,2024-09-10 18:32:07
ub0prr,2023-11-05 02:52:02
0orrru,2024-09-07 16:30:17
kd1b8t,2024-05-23 18:25:19
crv1kk,2024-07-02 08:49:08
i9ax6e,2024-07-01 21:49:16
4dnu31,2024-08-26 09:12:15
ykqhm7,2023-12-22 19:09:45
50cpdp,2023-11-30 03:35:25
9hpex2,2024-08-23 17:27:48
yt8qyu,2024-02-17 20:13:40
36vp27,2024-06-22 10:46:05
2fxl3j,2023-12-03 00:23:21
9bf5ib,2024-01-19 19:41:41
kv62aa,2024-02-16 13:11:49
qjq9cs,2024-09-21 01:39:33
0oj4m6,2024-06-05 07:57:52
summqd,2024-01-01 07:45:18
meln1x,2024-01-20 20:56:35
wya5ry,2024-05-10 03:14:30
7h3knw,2024-06-17 07:31:06
ju6bfp,2024-05-14 00:38:48
ytms7y,2024-03-18 04:29:19
a8lhir,2024-07-21 05:00:17
f1f9ou,2023-10-20 03:14:36
pqcs1v,2024-08-08 22:32:25
bdv0bz,2023-12-02 07:49:46
m1pv4e,2024-10-04 13:09:07
ep11xu,2024-04-16 21:48:51
0yxyyo,2024-02-03 01:30:06
z4elfn,2024-07-14 22:25:08
r1h1yl,2024-01-26 01:35:15
0q9vr4,2024-09-05 04:45:13
d2knio,2024-03-04 02:36:46
plk4ce,2024-01-28 13:40:55
zjbgsh,2024-01-25 06:39:41
l38p9r,2024-05-21 18:52:00
ude1cw,2024-10-02 05:00:58
efof32,2023-12-07 05:28:53
qffj0c,2024-04-13 03:23:36
aa75rf,2024-06-08 12:01:15
jmtq5d,2024-05-09 10:13:38
2wso0t,2024-08-09 20:16:28
iuio2s,2024-03-13 12:09:54
bsrytm,2024-09-28 17:56:03
ft1i1c,2023-11-13 07:09:44
qjusrt,2024-01-26 15:13:29
hfv0r8,2024-09-02 07:39:51
r3hf9p,2023-12-04 17:59:39
n2byha,2023-10-03 17:27:55
84z30q,2023-12-10 10:11:20
gl3yup,2024-02-01 05:50:32
lpyhvi,2024-08-08 03:28:36
76olnf,2023-12-27 19:06:05
rterzw,2024-01-09 01:37:22
qesyb2,2023-12-22 23:24:19
u37zwe,2024-03-18 22:10:13
3y7ts1,2024-02-20 08:00:45
dapv8m,2024-01-24 00:30:54
